leaf_id,solve_kind,native_status,optimize_return_code,global_deadline_remaining_at_launch,solver_runtime,work,nodes,simplex_iterations,barrier_iterations,memory_gb,model_sha256,in_memory_model_reused,integer_domain_restored,basis_reuse_status,native_log
L0,LP,"INFEASIBLE",0,3583.44,0.026,0.0680857,0,373,0,0.0104215,20b2b8cce1bfbabea9fe5fda3d1c5c9d22da9ed1430c9e99e700aeb2519c81a4,0,1,"not_submitted_domain_transition_model_object_only","E:\codes\ExactEBRP\results\gf_v10_convergence_round33\runs\stage1__round33_v10_tight_T_M2_Q20_seed2085634706__c6_frozen__3600s\external\native_logs\L0_lp.gurobi.log"
L1,LP,"OPTIMAL",0,3583.35,0.0550001,0.162023,0,1069,0,0.0110547,865077a3e0ada5c2f06be36f46957fcc1be9c1bd6a4ba4fac5c362f2ef756351,0,1,"not_submitted_domain_transition_model_object_only","E:\codes\ExactEBRP\results\gf_v10_convergence_round33\runs\stage1__round33_v10_tight_T_M2_Q20_seed2085634706__c6_frozen__3600s\external\native_logs\L1_lp.gurobi.log"
L2,LP,"OPTIMAL",0,3583.23,0.0610001,0.174547,0,1239,0,0.0117978,70cfa13f591936de5b8a91ea3a2f7263dab0f71e4336fe7b2293a4218e80295c,0,1,"not_submitted_domain_transition_model_object_only","E:\codes\ExactEBRP\results\gf_v10_convergence_round33\runs\stage1__round33_v10_tight_T_M2_Q20_seed2085634706__c6_frozen__3600s\external\native_logs\L2_lp.gurobi.log"
L1,NEXT_LEAF_TARGET_MIP,"INTERRUPTED",0,3583.15,0.343,0.559976,1,1453,0,0.0231776,865077a3e0ada5c2f06be36f46957fcc1be9c1bd6a4ba4fac5c362f2ef756351,1,0,"not_requested","E:\codes\ExactEBRP\results\gf_v10_convergence_round33\runs\stage1__round33_v10_tight_T_M2_Q20_seed2085634706__c6_frozen__3600s\external\native_logs\L1_c6_1_next_leaf_target_mip.gurobi.log"
L3,LP,"INFEASIBLE",0,3582.75,0.00399995,0.00954147,0,0,0,0.0231776,1622b07fca925995d745a5c2e11cde394406090166dc2e2d4c831d84462bbfad,0,1,"not_submitted_domain_transition_model_object_only","E:\codes\ExactEBRP\results\gf_v10_convergence_round33\runs\stage1__round33_v10_tight_T_M2_Q20_seed2085634706__c6_frozen__3600s\external\native_logs\L3_lp.gurobi.log"
L1.0,LP,"OPTIMAL",0,3582.67,0.046,0.134217,0,938,0,0.0231776,abfc26d32b2b43c6a7b78c3780fd5fbdbb6117585d1142caebd936577899fa3a,0,1,"not_submitted_domain_transition_model_object_only","E:\codes\ExactEBRP\results\gf_v10_convergence_round33\runs\stage1__round33_v10_tight_T_M2_Q20_seed2085634706__c6_frozen__3600s\external\native_logs\L1.0_lp.gurobi.log"
L1.1,LP,"OPTIMAL",0,3582.56,0.0450001,0.128092,0,912,0,0.0231776,79eee7c1bd41c2c99778c904e1d2a0b3b2a7ce6763bdf167600dbcb08d33bbd1,0,1,"not_submitted_domain_transition_model_object_only","E:\codes\ExactEBRP\results\gf_v10_convergence_round33\runs\stage1__round33_v10_tight_T_M2_Q20_seed2085634706__c6_frozen__3600s\external\native_logs\L1.1_lp.gurobi.log"
L1,MIP,"INFEASIBLE",0,3582.5,23.636,42.6305,1102,141919,0,0.0498259,865077a3e0ada5c2f06be36f46957fcc1be9c1bd6a4ba4fac5c362f2ef756351,1,0,"not_requested","E:\codes\ExactEBRP\results\gf_v10_convergence_round33\runs\stage1__round33_v10_tight_T_M2_Q20_seed2085634706__c6_frozen__3600s\external\native_logs\L1_terminal_mip.gurobi.log"
L2.0,LP,"OPTIMAL",0,3558.8,0.049,0.146884,0,1027,0,0.0498259,dd28d915dbf4f27573893f0139deca2f97aabc2446ab592c173602c6df0597fb,0,1,"not_submitted_domain_transition_model_object_only","E:\codes\ExactEBRP\results\gf_v10_convergence_round33\runs\stage1__round33_v10_tight_T_M2_Q20_seed2085634706__c6_frozen__3600s\external\native_logs\L2.0_lp.gurobi.log"
L2.1,LP,"INFEASIBLE",0,3558.69,0.0340002,0.101572,0,794,0,0.0498259,2f75a4085d5bdc5ea36482700057b9ccaa309169347581c28b1633d9bdb240b7,0,1,"not_submitted_domain_transition_model_object_only","E:\codes\ExactEBRP\results\gf_v10_convergence_round33\runs\stage1__round33_v10_tight_T_M2_Q20_seed2085634706__c6_frozen__3600s\external\native_logs\L2.1_lp.gurobi.log"
L2.0.0,LP,"OPTIMAL",0,3558.59,0.0449998,0.138219,0,937,0,0.0498259,a0e18ac9bf24290301e3086c66da1909801de765130644b9194b677268587934,0,1,"not_submitted_domain_transition_model_object_only","E:\codes\ExactEBRP\results\gf_v10_convergence_round33\runs\stage1__round33_v10_tight_T_M2_Q20_seed2085634706__c6_frozen__3600s\external\native_logs\L2.0.0_lp.gurobi.log"
L2.0.1,LP,"OPTIMAL",0,3558.48,0.04,0.117315,0,840,0,0.0498259,199985de5d3b42a9a5af9d0648256e16376b30b9817fc09dfb40c3fb5ab2b917,0,1,"not_submitted_domain_transition_model_object_only","E:\codes\ExactEBRP\results\gf_v10_convergence_round33\runs\stage1__round33_v10_tight_T_M2_Q20_seed2085634706__c6_frozen__3600s\external\native_logs\L2.0.1_lp.gurobi.log"
L2.0,MIP,"OPTIMAL",0,3558.43,6.46,11.6342,1100,94550,0,0.0498259,dd28d915dbf4f27573893f0139deca2f97aabc2446ab592c173602c6df0597fb,1,0,"not_requested","E:\codes\ExactEBRP\results\gf_v10_convergence_round33\runs\stage1__round33_v10_tight_T_M2_Q20_seed2085634706__c6_frozen__3600s\external\native_logs\L2.0_terminal_mip.gurobi.log"
