generation,best_fitness,strict_improvement
0,-3.2832657237423368,true
1,-3.2832657237423368,false
2,-3.2832657237423368,false
3,-3.2646892725543091,true
4,-3.2646892725543091,false
5,-3.2646892725543091,false
6,-3.2589191719948696,true
7,-3.2189489406007126,true
8,-3.2189489406007126,false
9,-3.2189489406007126,false
10,-3.2189489406007126,false
11,-3.2189489406007126,false
12,-3.2189489406007126,false
13,-3.2189489406007126,false
14,-3.2189489406007126,false
15,-3.2189489406007126,false
16,-3.2189489406007126,false
17,-3.2189489406007126,false
18,-3.2189489406007126,false
19,-3.2189489406007126,false
20,-3.2189489406007126,false
21,-3.2189489406007126,false
22,-3.2189489406007126,false
23,-3.2189489406007126,false
24,-3.2189489406007126,false
25,-3.2189489406007126,false
26,-3.2176703770945942,true
27,-3.2176703770945942,false
28,-3.2176703770945942,false
29,-3.2176703770945942,false
30,-3.2176703770945942,false
31,-3.2160122583522783,true
32,-3.2160122583522783,false
33,-3.2160122583522783,false
34,-3.2160122583522783,false
35,-3.2160122583522783,false
36,-3.2160122583522783,false
37,-3.2160122583522783,false
38,-3.2160122583522783,false
39,-3.2160122583522783,false
40,-3.2160122583522783,false
41,-3.2160122583522783,false
42,-3.2160122583522783,false
43,-3.2160122583522783,false
44,-3.2160122583522783,false
45,-3.2160122583522783,false
46,-3.2160122583522783,false
47,-3.2160122583522783,false
48,-3.2160122583522783,false
49,-3.2160122583522783,false
50,-3.2160122583522783,false
51,-3.2160122583522783,false
52,-3.2160122583522783,false
53,-3.2160122583522783,false
54,-3.2160122583522783,false
55,-3.2160122583522783,false
56,-3.2160122583522783,false
57,-3.2160122583522783,false
58,-3.2160122583522783,false
59,-3.2160122583522783,false
60,-3.2160122583522783,false
61,-3.2160122583522783,false
62,-3.2160122583522783,false
63,-3.2160122583522783,false
64,-3.2160122583522783,false
65,-3.2160122583522783,false
66,-3.2160122583522783,false
67,-3.2160122583522783,false
68,-3.2160122583522783,false
69,-3.2160122583522783,false
70,-3.2160122583522783,false
71,-3.2160122583522783,false
72,-3.2160122583522783,false
73,-3.2160122583522783,false
74,-3.2160122583522783,false
75,-3.2160122583522783,false
76,-3.2160122583522783,false
77,-3.2160122583522783,false
78,-3.2160122583522783,false
79,-3.2160122583522783,false
80,-3.2160122583522783,false
81,-3.2160122583522783,false
82,-3.2160122583522783,false
83,-3.2160122583522783,false
84,-3.2160122583522783,false
85,-3.2160122583522783,false
86,-3.2160122583522783,false
87,-3.2160122583522783,false
88,-3.2160122583522783,false
89,-3.2160122583522783,false
90,-3.2160122583522783,false
91,-3.2160122583522783,false
92,-3.2160122583522783,false
93,-3.2160122583522783,false
94,-3.2160122583522783,false
95,-3.2160122583522783,false
96,-3.2160122583522783,false
97,-3.2160122583522783,false
98,-3.2160122583522783,false
99,-3.2160122583522783,false
100,-3.2160122583522783,false
101,-3.2160122583522783,false
102,-3.2160122583522783,false
103,-3.2160122583522783,false
104,-3.2160122583522783,false
105,-3.2160122583522783,false
106,-3.2160122583522783,false
107,-3.2160122583522783,false
108,-3.2160122583522783,false
109,-3.2160122583522783,false
110,-3.2160122583522783,false
111,-3.2160122583522783,false
112,-3.2160122583522783,false
113,-3.2160122583522783,false
114,-3.2160122583522783,false
115,-3.2160122583522783,false
116,-3.2160122583522783,false
117,-3.2160122583522783,false
118,-3.2160122583522783,false
119,-3.2160122583522783,false
120,-3.2160122583522783,false
121,-3.2160122583522783,false
122,-3.2160122583522783,false
123,-3.2160122583522783,false
124,-3.2160122583522783,false
125,-3.2160122583522783,false
126,-3.2160122583522783,false
127,-3.2160122583522783,false
128,-3.2160122583522783,false
129,-3.2160122583522783,false
130,-3.2160122583522783,false
131,-3.2160122583522783,false
132,-3.2160122583522783,false
133,-3.2160122583522783,false
134,-3.2160122583522783,false
135,-3.2160122583522783,false
136,-3.2160122583522783,false
137,-3.2160122583522783,false
138,-3.2160122583522783,false
139,-3.2160122583522783,false
140,-3.2160122583522783,false
141,-3.2160122583522783,false
142,-3.2160122583522783,false
143,-3.2160122583522783,false
144,-3.2160122583522783,false
145,-3.2160122583522783,false
146,-3.2160122583522783,false
147,-3.2160122583522783,false
148,-3.2160122583522783,false
149,-3.2160122583522783,false
150,-3.2160122583522783,false
151,-3.2160122583522783,false
152,-3.2160122583522783,false
153,-3.2160122583522783,false
154,-3.2160122583522783,false
155,-3.2160122583522783,false
156,-3.2160122583522783,false
157,-3.2160122583522783,false
158,-3.2160122583522783,false
159,-3.2160122583522783,false
160,-3.2160122583522783,false
161,-3.2160122583522783,false
162,-3.2160122583522783,false
163,-3.2160122583522783,false
164,-3.2160122583522783,false
165,-3.2160122583522783,false
166,-3.2160122583522783,false
167,-3.2160122583522783,false
168,-3.2160122583522783,false
169,-3.2160122583522783,false
170,-3.2160122583522783,false
171,-3.2160122583522783,false
172,-3.2160122583522783,false
173,-3.2160122583522783,false
174,-3.2160122583522783,false
175,-3.2160122583522783,false
176,-3.2160122583522783,false
177,-3.2160122583522783,false
178,-3.2160122583522783,false
179,-3.2160122583522783,false
180,-3.2160122583522783,false
181,-3.2160122583522783,false
182,-3.2160122583522783,false
183,-3.2160122583522783,false
184,-3.2160122583522783,false
185,-3.2160122583522783,false
186,-3.2160122583522783,false
187,-3.2160122583522783,false
188,-3.2160122583522783,false
189,-3.2160122583522783,false
190,-3.2160122583522783,false
191,-3.2160122583522783,false
192,-3.2160122583522783,false
193,-3.2160122583522783,false
194,-3.2160122583522783,false
195,-3.2160122583522783,false
196,-3.2160122583522783,false
197,-3.2160122583522783,false
198,-3.2160122583522783,false
199,-3.2160122583522783,false
200,-3.2160122583522783,false
201,-3.2160122583522783,false
202,-3.2160122583522783,false
203,-3.2160122583522783,false
204,-3.2160122583522783,false
205,-3.2160122583522783,false
206,-3.2160122583522783,false
207,-3.2160122583522783,false
208,-3.2160122583522783,false
209,-3.2160122583522783,false
210,-3.2160122583522783,false
211,-3.2160122583522783,false
212,-3.2160122583522783,false
213,-3.2160122583522783,false
214,-3.2160122583522783,false
215,-3.2160122583522783,false
216,-3.2160122583522783,false
217,-3.2160122583522783,false
218,-3.2160122583522783,false
219,-3.2160122583522783,false
220,-3.2160122583522783,false
221,-3.2160122583522783,false
222,-3.2160122583522783,false
223,-3.2160122583522783,false
224,-3.2160122583522783,false
225,-3.2160122583522783,false
226,-3.2160122583522783,false
227,-3.2160122583522783,false
228,-3.2160122583522783,false
229,-3.2160122583522783,false
230,-3.2160122583522783,false
231,-3.2160122583522783,false
232,-3.2160122583522783,false
233,-3.2160122583522783,false
234,-3.2160122583522783,false
235,-3.2160122583522783,false
236,-3.2160122583522783,false
237,-3.2160122583522783,false
238,-3.2160122583522783,false
239,-3.2160122583522783,false
240,-3.2160122583522783,false
241,-3.2160122583522783,false
242,-3.2160122583522783,false
243,-3.2160122583522783,false
244,-3.2160122583522783,false
245,-3.2160122583522783,false
246,-3.2160122583522783,false
247,-3.2160122583522783,false
248,-3.2160122583522783,false
249,-3.2160122583522783,false
250,-3.2160122583522783,false
251,-3.2160122583522783,false
252,-3.2160122583522783,false
253,-3.2160122583522783,false
254,-3.2160122583522783,false
255,-3.2160122583522783,false
256,-3.2160122583522783,false
257,-3.2160122583522783,false
258,-3.2160122583522783,false
259,-3.2160122583522783,false
260,-3.2160122583522783,false
261,-3.2160122583522783,false
262,-3.2160122583522783,false
263,-3.2160122583522783,false
264,-3.2160122583522783,false
265,-3.2160122583522783,false
266,-3.2160122583522783,false
267,-3.2160122583522783,false
268,-3.2160122583522783,false
269,-3.2160122583522783,false
270,-3.2160122583522783,false
271,-3.2160122583522783,false
272,-3.2160122583522783,false
273,-3.2160122583522783,false
274,-3.2160122583522783,false
275,-3.2160122583522783,false
276,-3.2160122583522783,false
277,-3.2160122583522783,false
278,-3.2160122583522783,false
279,-3.2160122583522783,false
280,-3.2160122583522783,false
281,-3.2160122583522783,false
282,-3.2160122583522783,false
283,-3.2160122583522783,false
284,-3.2160122583522783,false
285,-3.2160122583522783,false
286,-3.2160122583522783,false
287,-3.2160122583522783,false
288,-3.2160122583522783,false
289,-3.2160122583522783,false
290,-3.2160122583522783,false
291,-3.2160122583522783,false
292,-3.2160122583522783,false
293,-3.2160122583522783,false
294,-3.2160122583522783,false
295,-3.2160122583522783,false
296,-3.2160122583522783,false
297,-3.2160122583522783,false
298,-3.2160122583522783,false
299,-3.2160122583522783,false
300,-3.2160122583522783,false
301,-3.2160122583522783,false
302,-3.2160122583522783,false
303,-3.2160122583522783,false
304,-3.2160122583522783,false
305,-3.2160122583522783,false
306,-3.2160122583522783,false
307,-3.2160122583522783,false
308,-3.2160122583522783,false
309,-3.2160122583522783,false
310,-3.2160122583522783,false
311,-3.2160122583522783,false
312,-3.2160122583522783,false
313,-3.2160122583522783,false
314,-3.2160122583522783,false
315,-3.2160122583522783,false
316,-3.2160122583522783,false
317,-3.2160122583522783,false
318,-3.2160122583522783,false
319,-3.2160122583522783,false
320,-3.2160122583522783,false
321,-3.2160122583522783,false
322,-3.2160122583522783,false
323,-3.2160122583522783,false
324,-3.2160122583522783,false
325,-3.2160122583522783,false
326,-3.2160122583522783,false
327,-3.2160122583522783,false
328,-3.2160122583522783,false
329,-3.2160122583522783,false
330,-3.2160122583522783,false
331,-3.2160122583522783,false
332,-3.2158998908650576,true
333,-3.2158998908650576,false
334,-3.2158998908650576,false
335,-3.2158998908650576,false
336,-3.2158998908650576,false
337,-3.2158998908650576,false
338,-3.2158998908650576,false
339,-3.2158998908650576,false
340,-3.2158998908650576,false
341,-3.2158998908650576,false
342,-3.2158998908650576,false
343,-3.2158998908650576,false
344,-3.2158998908650576,false
345,-3.2158998908650576,false
346,-3.2158998908650576,false
347,-3.2158998908650576,false
348,-3.2158998908650576,false
349,-3.2158998908650576,false
350,-3.2158998908650576,false
351,-3.2158998908650576,false
352,-3.2158998908650576,false
353,-3.2158998908650576,false
354,-3.2158998908650576,false
355,-3.2158998908650576,false
356,-3.2158998908650576,false
357,-3.2158998908650576,false
358,-3.2158998908650576,false
359,-3.2158998908650576,false
360,-3.2158998908650576,false
361,-3.2158998908650576,false
362,-3.2158998908650576,false
363,-3.2158998908650576,false
364,-3.2158998908650576,false
365,-3.2158998908650576,false
366,-3.2158998908650576,false
367,-3.2158998908650576,false
368,-3.2158998908650576,false
369,-3.2158998908650576,false
370,-3.2158998908650576,false
371,-3.2158998908650576,false
372,-3.2158998908650576,false
373,-3.2158998908650576,false
374,-3.2158998908650576,false
375,-3.2158998908650576,false
376,-3.2158998908650576,false
377,-3.2158998908650576,false
378,-3.2158998908650576,false
379,-3.2158998908650576,false
380,-3.2158998908650576,false
381,-3.2158998908650576,false
382,-3.2158998908650576,false
383,-3.2158998908650576,false
384,-3.2158998908650576,false
385,-3.2158998908650576,false
386,-3.2158998908650576,false
387,-3.2158998908650576,false
388,-3.2158998908650576,false
389,-3.2158998908650576,false
390,-3.2158998908650576,false
391,-3.2158998908650576,false
392,-3.2158998908650576,false
393,-3.2158998908650576,false
394,-3.2158998908650576,false
395,-3.2158998908650576,false
396,-3.2158998908650576,false
397,-3.2158998908650576,false
398,-3.2158998908650576,false
399,-3.2158998908650576,false
400,-3.2158998908650576,false
401,-3.2158998908650576,false
402,-3.2158998908650576,false
403,-3.2158998908650576,false
404,-3.2158998908650576,false
405,-3.2158998908650576,false
406,-3.2158998908650576,false
407,-3.2158998908650576,false
408,-3.2158998908650576,false
409,-3.2158998908650576,false
410,-3.2158998908650576,false
411,-3.2158998908650576,false
412,-3.2158998908650576,false
413,-3.2158998908650576,false
414,-3.2158998908650576,false
415,-3.2158998908650576,false
416,-3.2158998908650576,false
417,-3.2158998908650576,false
418,-3.2158998908650576,false
419,-3.2158998908650576,false
420,-3.2158998908650576,false
421,-3.2158998908650576,false
422,-3.2158998908650576,false
423,-3.2158998908650576,false
424,-3.2158998908650576,false
425,-3.2158998908650576,false
426,-3.2158998908650576,false
427,-3.2158998908650576,false
428,-3.2158998908650576,false
429,-3.2158998908650576,false
430,-3.2158998908650576,false
431,-3.2158998908650576,false
432,-3.2158998908650576,false
433,-3.2158998908650576,false
434,-3.2158998908650576,false
435,-3.2158998908650576,false
436,-3.2158998908650576,false
437,-3.2158998908650576,false
438,-3.2158998908650576,false
439,-3.2158998908650576,false
440,-3.2158998908650576,false
441,-3.2158998908650576,false
442,-3.2158998908650576,false
443,-3.2158998908650576,false
444,-3.2158998908650576,false
445,-3.2158998908650576,false
446,-3.2158998908650576,false
447,-3.2158998908650576,false
448,-3.2158998908650576,false
449,-3.2158998908650576,false
450,-3.2158998908650576,false
451,-3.2158998908650576,false
452,-3.2158998908650576,false
453,-3.2158998908650576,false
454,-3.2158998908650576,false
455,-3.2158998908650576,false
456,-3.2158998908650576,false
457,-3.2158998908650576,false
458,-3.2158998908650576,false
459,-3.2158998908650576,false
460,-3.2158998908650576,false
461,-3.2158998908650576,false
462,-3.2158998908650576,false
463,-3.2158998908650576,false
464,-3.2158998908650576,false
465,-3.2158998908650576,false
466,-3.2158998908650576,false
467,-3.2158998908650576,false
468,-3.2158998908650576,false
469,-3.2158998908650576,false
470,-3.2158998908650576,false
471,-3.2158998908650576,false
472,-3.2158998908650576,false
473,-3.2158998908650576,false
474,-3.2158998908650576,false
475,-3.2158998908650576,false
476,-3.2158998908650576,false
477,-3.2158998908650576,false
478,-3.2158998908650576,false
479,-3.2158998908650576,false
480,-3.2158998908650576,false
481,-3.2158998908650576,false
482,-3.2158998908650576,false
483,-3.2158998908650576,false
484,-3.2158998908650576,false
485,-3.2158998908650576,false
486,-3.2158998908650576,false
487,-3.2158998908650576,false
488,-3.2158998908650576,false
489,-3.2158998908650576,false
490,-3.2158998908650576,false
491,-3.2158998908650576,false
492,-3.2158998908650576,false
493,-3.2158998908650576,false
494,-3.2158998908650576,false
495,-3.2158998908650576,false
496,-3.2158998908650576,false
497,-3.2158998908650576,false
498,-3.2158998908650576,false
499,-3.2158998908650576,false
500,-3.2158998908650576,false
501,-3.2158998908650576,false
502,-3.2158998908650576,false
503,-3.2158998908650576,false
504,-3.2158998908650576,false
505,-3.2158998908650576,false
506,-3.2158998908650576,false
507,-3.2158998908650576,false
508,-3.2158998908650576,false
509,-3.2158998908650576,false
510,-3.2158998908650576,false
511,-3.2158998908650576,false
512,-3.2158998908650576,false
513,-3.2158998908650576,false
514,-3.2158998908650576,false
515,-3.2158998908650576,false
516,-3.2158998908650576,false
517,-3.2158998908650576,false
518,-3.2158998908650576,false
519,-3.2158998908650576,false
520,-3.2158998908650576,false
521,-3.2158998908650576,false
522,-3.2158998908650576,false
523,-3.2158998908650576,false
524,-3.2158998908650576,false
525,-3.2158998908650576,false
526,-3.2158998908650576,false
527,-3.2158998908650576,false
528,-3.2158998908650576,false
529,-3.2158998908650576,false
530,-3.2158998908650576,false
531,-3.2158998908650576,false
532,-3.2158998908650576,false
533,-3.2158998908650576,false
534,-3.2158998908650576,false
535,-3.2158998908650576,false
536,-3.2158998908650576,false
537,-3.2158998908650576,false
538,-3.2158998908650576,false
539,-3.2158998908650576,false
540,-3.2158998908650576,false
541,-3.2158998908650576,false
542,-3.2158998908650576,false
543,-3.2158998908650576,false
544,-3.2158998908650576,false
545,-3.2158998908650576,false
546,-3.2158998908650576,false
547,-3.2158998908650576,false
548,-3.2158998908650576,false
549,-3.2158998908650576,false
550,-3.2158998908650576,false
551,-3.2158998908650576,false
552,-3.2158998908650576,false
553,-3.2158998908650576,false
554,-3.2158998908650576,false
555,-3.2158998908650576,false
556,-3.2158998908650576,false
557,-3.2158998908650576,false
558,-3.2158998908650576,false
559,-3.2158998908650576,false
560,-3.2158998908650576,false
561,-3.2158998908650576,false
562,-3.2158998908650576,false
563,-3.2158998908650576,false
564,-3.2158998908650576,false
565,-3.2158998908650576,false
566,-3.2158998908650576,false
567,-3.2158998908650576,false
568,-3.2158998908650576,false
569,-3.2158998908650576,false
570,-3.2158998908650576,false
571,-3.2158998908650576,false
572,-3.2158998908650576,false
573,-3.2158998908650576,false
574,-3.2158998908650576,false
575,-3.2158998908650576,false
576,-3.2158998908650576,false
577,-3.2158998908650576,false
578,-3.2158998908650576,false
579,-3.2158998908650576,false
580,-3.2158998908650576,false
581,-3.2158998908650576,false
582,-3.2158998908650576,false
583,-3.2158998908650576,false
584,-3.2158998908650576,false
585,-3.2158998908650576,false
586,-3.2158998908650576,false
587,-3.2158998908650576,false
588,-3.2158998908650576,false
589,-3.2158998908650576,false
590,-3.2158998908650576,false
591,-3.2158998908650576,false
592,-3.2158998908650576,false
593,-3.2158998908650576,false
594,-3.2158998908650576,false
595,-3.2158998908650576,false
596,-3.2158998908650576,false
597,-3.2158998908650576,false
598,-3.2158998908650576,false
599,-3.2158998908650576,false
600,-3.2158998908650576,false
601,-3.2158998908650576,false
602,-3.2158998908650576,false
603,-3.2158998908650576,false
604,-3.2158998908650576,false
605,-3.2158998908650576,false
606,-3.2158998908650576,false
607,-3.2158998908650576,false
608,-3.2158998908650576,false
609,-3.2158998908650576,false
610,-3.2158998908650576,false
611,-3.2158998908650576,false
612,-3.2158998908650576,false
613,-3.2158998908650576,false
614,-3.2158998908650576,false
615,-3.2158998908650576,false
616,-3.2158998908650576,false
617,-3.2158998908650576,false
618,-3.2158998908650576,false
619,-3.2158998908650576,false
620,-3.2158998908650576,false
621,-3.2158998908650576,false
622,-3.2158998908650576,false
623,-3.2158998908650576,false
624,-3.2158998908650576,false
625,-3.2158998908650576,false
626,-3.2158998908650576,false
627,-3.2158998908650576,false
628,-3.2158998908650576,false
629,-3.2158998908650576,false
630,-3.2158998908650576,false
631,-3.2158998908650576,false
632,-3.2158998908650576,false
633,-3.2158998908650576,false
634,-3.2158998908650576,false
635,-3.2158998908650576,false
636,-3.2158998908650576,false
637,-3.2158998908650576,false
638,-3.2158998908650576,false
639,-3.2158998908650576,false
640,-3.2158998908650576,false
641,-3.2158998908650576,false
642,-3.2158998908650576,false
643,-3.2158998908650576,false
644,-3.2158998908650576,false
645,-3.2158998908650576,false
646,-3.2158998908650576,false
647,-3.2158998908650576,false
648,-3.2158998908650576,false
649,-3.2158998908650576,false
650,-3.2158998908650576,false
651,-3.2158998908650576,false
652,-3.2158998908650576,false
653,-3.2158998908650576,false
654,-3.2158998908650576,false
655,-3.2158998908650576,false
656,-3.2158998908650576,false
657,-3.2158998908650576,false
658,-3.2158998908650576,false
659,-3.2158998908650576,false
660,-3.2158998908650576,false
661,-3.2158998908650576,false
662,-3.2158998908650576,false
663,-3.2158998908650576,false
664,-3.2158998908650576,false
665,-3.2158998908650576,false
666,-3.2158998908650576,false
667,-3.2158998908650576,false
668,-3.2158998908650576,false
669,-3.2158998908650576,false
670,-3.2158998908650576,false
671,-3.2158998908650576,false
672,-3.2158998908650576,false
673,-3.2158998908650576,false
674,-3.2158998908650576,false
675,-3.2158998908650576,false
676,-3.2158998908650576,false
677,-3.2158998908650576,false
678,-3.2158998908650576,false
679,-3.2158998908650576,false
680,-3.2158998908650576,false
681,-3.2158998908650576,false
682,-3.2158998908650576,false
683,-3.2158998908650576,false
684,-3.2158998908650576,false
685,-3.2158998908650576,false
686,-3.2158998908650576,false
687,-3.2158998908650576,false
688,-3.2158998908650576,false
689,-3.2158998908650576,false
690,-3.2158998908650576,false
691,-3.2158998908650576,false
692,-3.2158998908650576,false
693,-3.2158998908650576,false
694,-3.2158998908650576,false
695,-3.2158998908650576,false
696,-3.2158998908650576,false
697,-3.2158998908650576,false
698,-3.2158998908650576,false
699,-3.2158998908650576,false
700,-3.2158998908650576,false
701,-3.2158998908650576,false
702,-3.2158998908650576,false
703,-3.2158998908650576,false
704,-3.2158998908650576,false
705,-3.2158998908650576,false
706,-3.2158998908650576,false
707,-3.2158998908650576,false
708,-3.2158998908650576,false
709,-3.2158998908650576,false
710,-3.2158998908650576,false
711,-3.2158998908650576,false
712,-3.2158998908650576,false
713,-3.2158998908650576,false
714,-3.2158998908650576,false
715,-3.2158998908650576,false
716,-3.2158998908650576,false
717,-3.2158998908650576,false
718,-3.2158998908650576,false
719,-3.2158998908650576,false
720,-3.2158998908650576,false
721,-3.2158998908650576,false
722,-3.2158998908650576,false
723,-3.2158998908650576,false
724,-3.2158998908650576,false
725,-3.2158998908650576,false
726,-3.2158998908650576,false
727,-3.2158998908650576,false
728,-3.2158998908650576,false
729,-3.2158998908650576,false
730,-3.2158998908650576,false
731,-3.2158998908650576,false
732,-3.2158998908650576,false
733,-3.2158998908650576,false
734,-3.2158998908650576,false
735,-3.2158998908650576,false
736,-3.2158998908650576,false
737,-3.2158998908650576,false
738,-3.2158998908650576,false
739,-3.2158998908650576,false
740,-3.2158998908650576,false
741,-3.2158998908650576,false
742,-3.2158998908650576,false
743,-3.2158998908650576,false
744,-3.2158998908650576,false
745,-3.2158998908650576,false
746,-3.2158998908650576,false
747,-3.2158998908650576,false
748,-3.2158998908650576,false
749,-3.213909822986678,true
750,-3.213909822986678,false
751,-3.213909822986678,false
752,-3.213909822986678,false
753,-3.213909822986678,false
754,-3.213909822986678,false
755,-3.213909822986678,false
756,-3.213909822986678,false
757,-3.213909822986678,false
758,-3.213909822986678,false
759,-3.213909822986678,false
760,-3.213909822986678,false
761,-3.213909822986678,false
762,-3.213909822986678,false
763,-3.213909822986678,false
764,-3.213909822986678,false
765,-3.213909822986678,false
766,-3.213909822986678,false
767,-3.213909822986678,false
768,-3.213909822986678,false
769,-3.213909822986678,false
770,-3.213909822986678,false
771,-3.213909822986678,false
772,-3.213909822986678,false
773,-3.213909822986678,false
774,-3.213909822986678,false
775,-3.213909822986678,false
776,-3.213909822986678,false
777,-3.213909822986678,false
778,-3.213909822986678,false
779,-3.213909822986678,false
780,-3.213909822986678,false
781,-3.213909822986678,false
782,-3.213909822986678,false
783,-3.213909822986678,false
784,-3.213909822986678,false
785,-3.213909822986678,false
786,-3.213909822986678,false
787,-3.213909822986678,false
788,-3.213909822986678,false
789,-3.213909822986678,false
790,-3.213909822986678,false
791,-3.213909822986678,false
792,-3.213909822986678,false
793,-3.213909822986678,false
794,-3.213909822986678,false
795,-3.213909822986678,false
796,-3.213909822986678,false
797,-3.213909822986678,false
798,-3.213909822986678,false
799,-3.213909822986678,false
800,-3.213909822986678,false
801,-3.213909822986678,false
802,-3.213909822986678,false
803,-3.213909822986678,false
804,-3.213909822986678,false
805,-3.213909822986678,false
806,-3.213909822986678,false
807,-3.213909822986678,false
808,-3.213909822986678,false
809,-3.213909822986678,false
810,-3.213909822986678,false
811,-3.213909822986678,false
812,-3.213909822986678,false
813,-3.213909822986678,false
814,-3.213909822986678,false
815,-3.213909822986678,false
816,-3.213909822986678,false
817,-3.213909822986678,false
818,-3.213909822986678,false
819,-3.213909822986678,false
820,-3.213909822986678,false
821,-3.213909822986678,false
822,-3.213909822986678,false
823,-3.213909822986678,false
824,-3.213909822986678,false
825,-3.213909822986678,false
826,-3.213909822986678,false
827,-3.213909822986678,false
828,-3.213909822986678,false
829,-3.213909822986678,false
830,-3.213909822986678,false
831,-3.213909822986678,false
832,-3.213909822986678,false
833,-3.213909822986678,false
834,-3.213909822986678,false
835,-3.213909822986678,false
836,-3.213909822986678,false
837,-3.213909822986678,false
838,-3.213909822986678,false
839,-3.213909822986678,false
840,-3.213909822986678,false
841,-3.213909822986678,false
842,-3.213909822986678,false
843,-3.213909822986678,false
844,-3.213909822986678,false
845,-3.213909822986678,false
846,-3.213909822986678,false
847,-3.213909822986678,false
848,-3.213909822986678,false
849,-3.213909822986678,false
850,-3.213909822986678,false
851,-3.213909822986678,false
852,-3.213909822986678,false
853,-3.213909822986678,false
854,-3.213909822986678,false
855,-3.213909822986678,false
856,-3.213909822986678,false
857,-3.213909822986678,false
858,-3.213909822986678,false
859,-3.213909822986678,false
860,-3.213909822986678,false
861,-3.213909822986678,false
862,-3.213909822986678,false
863,-3.213909822986678,false
864,-3.213909822986678,false
865,-3.213909822986678,false
866,-3.213909822986678,false
867,-3.213909822986678,false
868,-3.213909822986678,false
869,-3.213909822986678,false
870,-3.213909822986678,false
871,-3.213909822986678,false
872,-3.213909822986678,false
873,-3.213909822986678,false
874,-3.213909822986678,false
875,-3.213909822986678,false
876,-3.213909822986678,false
877,-3.213909822986678,false
878,-3.213909822986678,false
879,-3.213909822986678,false
880,-3.213909822986678,false
881,-3.213909822986678,false
882,-3.213909822986678,false
883,-3.213909822986678,false
884,-3.213909822986678,false
885,-3.213909822986678,false
886,-3.213909822986678,false
887,-3.213909822986678,false
888,-3.213909822986678,false
889,-3.213909822986678,false
890,-3.213909822986678,false
891,-3.213909822986678,false
892,-3.213909822986678,false
893,-3.213909822986678,false
894,-3.213909822986678,false
895,-3.213909822986678,false
896,-3.213909822986678,false
897,-3.213909822986678,false
898,-3.213909822986678,false
899,-3.213909822986678,false
900,-3.213909822986678,false
901,-3.213909822986678,false
902,-3.213909822986678,false
903,-3.213909822986678,false
904,-3.213909822986678,false
905,-3.213909822986678,false
906,-3.213909822986678,false
907,-3.213909822986678,false
908,-3.213909822986678,false
909,-3.213909822986678,false
910,-3.213909822986678,false
911,-3.213909822986678,false
912,-3.213909822986678,false
913,-3.213909822986678,false
914,-3.213909822986678,false
915,-3.213909822986678,false
916,-3.213909822986678,false
917,-3.213909822986678,false
918,-3.213909822986678,false
919,-3.213909822986678,false
920,-3.213909822986678,false
921,-3.213909822986678,false
922,-3.213909822986678,false
923,-3.213909822986678,false
924,-3.213909822986678,false
925,-3.213909822986678,false
926,-3.213909822986678,false
927,-3.213909822986678,false
928,-3.213909822986678,false
929,-3.213909822986678,false
930,-3.213909822986678,false
931,-3.213909822986678,false
932,-3.213909822986678,false
933,-3.213909822986678,false
934,-3.213909822986678,false
935,-3.213909822986678,false
936,-3.213909822986678,false
937,-3.213909822986678,false
938,-3.213909822986678,false
939,-3.213909822986678,false
940,-3.213909822986678,false
941,-3.213909822986678,false
942,-3.213909822986678,false
943,-3.213909822986678,false
944,-3.213909822986678,false
945,-3.213909822986678,false
946,-3.213909822986678,false
947,-3.213909822986678,false
948,-3.213909822986678,false
949,-3.213909822986678,false
950,-3.213909822986678,false
951,-3.213909822986678,false
952,-3.213909822986678,false
953,-3.213909822986678,false
954,-3.213909822986678,false
955,-3.213909822986678,false
956,-3.213909822986678,false
957,-3.213909822986678,false
958,-3.213909822986678,false
959,-3.213909822986678,false
960,-3.213909822986678,false
961,-3.213909822986678,false
962,-3.213909822986678,false
963,-3.213909822986678,false
964,-3.213909822986678,false
965,-3.213909822986678,false
966,-3.213909822986678,false
967,-3.213909822986678,false
968,-3.213909822986678,false
969,-3.213909822986678,false
970,-3.213909822986678,false
971,-3.213909822986678,false
972,-3.213909822986678,false
973,-3.213909822986678,false
974,-3.213909822986678,false
975,-3.213909822986678,false
976,-3.213909822986678,false
977,-3.213909822986678,false
978,-3.213909822986678,false
979,-3.213909822986678,false
980,-3.213909822986678,false
981,-3.213909822986678,false
982,-3.213909822986678,false
983,-3.213909822986678,false
984,-3.213909822986678,false
985,-3.213909822986678,false
986,-3.213909822986678,false
987,-3.213909822986678,false
988,-3.213909822986678,false
989,-3.213909822986678,false
990,-3.213909822986678,false
991,-3.213909822986678,false
992,-3.213909822986678,false
993,-3.213909822986678,false
994,-3.213909822986678,false
995,-3.213909822986678,false
996,-3.213909822986678,false
997,-3.213909822986678,false
998,-3.213909822986678,false
999,-3.213909822986678,false
1000,-3.213909822986678,false
1001,-3.213909822986678,false
1002,-3.213909822986678,false
1003,-3.213909822986678,false
1004,-3.213909822986678,false
1005,-3.213909822986678,false
1006,-3.213909822986678,false
1007,-3.213909822986678,false
1008,-3.213909822986678,false
1009,-3.213909822986678,false
1010,-3.213909822986678,false
1011,-3.213909822986678,false
1012,-3.213909822986678,false
1013,-3.213909822986678,false
1014,-3.213909822986678,false
1015,-3.213909822986678,false
1016,-3.213909822986678,false
1017,-3.213909822986678,false
1018,-3.213909822986678,false
1019,-3.213909822986678,false
1020,-3.213909822986678,false
1021,-3.213909822986678,false
1022,-3.213909822986678,false
1023,-3.213909822986678,false
1024,-3.213909822986678,false
1025,-3.213909822986678,false
1026,-3.213909822986678,false
1027,-3.213909822986678,false
1028,-3.213909822986678,false
1029,-3.213909822986678,false
1030,-3.213909822986678,false
1031,-3.213909822986678,false
1032,-3.213909822986678,false
1033,-3.213909822986678,false
1034,-3.213909822986678,false
1035,-3.213909822986678,false
1036,-3.213909822986678,false
1037,-3.213909822986678,false
1038,-3.213909822986678,false
1039,-3.213909822986678,false
1040,-3.213909822986678,false
1041,-3.213909822986678,false
1042,-3.213909822986678,false
1043,-3.213909822986678,false
1044,-3.213909822986678,false
1045,-3.213909822986678,false
1046,-3.213909822986678,false
1047,-3.213909822986678,false
1048,-3.213909822986678,false
1049,-3.213909822986678,false
1050,-3.213909822986678,false
1051,-3.213909822986678,false
1052,-3.213909822986678,false
1053,-3.213909822986678,false
1054,-3.213909822986678,false
1055,-3.213909822986678,false
1056,-3.213909822986678,false
1057,-3.213909822986678,false
1058,-3.213909822986678,false
1059,-3.213909822986678,false
1060,-3.213909822986678,false
1061,-3.213909822986678,false
1062,-3.213909822986678,false
1063,-3.213909822986678,false
1064,-3.213909822986678,false
1065,-3.213909822986678,false
1066,-3.213909822986678,false
1067,-3.213909822986678,false
1068,-3.213909822986678,false
1069,-3.213909822986678,false
1070,-3.213909822986678,false
1071,-3.213909822986678,false
1072,-3.213909822986678,false
1073,-3.213909822986678,false
1074,-3.213909822986678,false
1075,-3.213909822986678,false
1076,-3.213909822986678,false
1077,-3.213909822986678,false
1078,-3.213909822986678,false
1079,-3.213909822986678,false
1080,-3.213909822986678,false
1081,-3.213909822986678,false
1082,-3.213909822986678,false
1083,-3.213909822986678,false
1084,-3.213909822986678,false
1085,-3.213909822986678,false
1086,-3.213909822986678,false
1087,-3.213909822986678,false
1088,-3.213909822986678,false
1089,-3.213909822986678,false
1090,-3.213909822986678,false
1091,-3.213909822986678,false
1092,-3.213909822986678,false
1093,-3.213909822986678,false
1094,-3.213909822986678,false
1095,-3.213909822986678,false
1096,-3.213909822986678,false
1097,-3.213909822986678,false
1098,-3.213909822986678,false
1099,-3.213909822986678,false
1100,-3.213909822986678,false
1101,-3.213909822986678,false
1102,-3.213909822986678,false
1103,-3.213909822986678,false
1104,-3.213909822986678,false
1105,-3.213909822986678,false
1106,-3.213909822986678,false
1107,-3.213909822986678,false
1108,-3.213909822986678,false
1109,-3.213909822986678,false
1110,-3.213909822986678,false
1111,-3.213909822986678,false
1112,-3.213909822986678,false
1113,-3.213909822986678,false
1114,-3.213909822986678,false
1115,-3.213909822986678,false
1116,-3.213909822986678,false
1117,-3.213909822986678,false
1118,-3.213909822986678,false
1119,-3.213909822986678,false
1120,-3.213909822986678,false
1121,-3.213909822986678,false
1122,-3.213909822986678,false
1123,-3.213909822986678,false
1124,-3.213909822986678,false
1125,-3.213909822986678,false
1126,-3.213909822986678,false
1127,-3.213909822986678,false
1128,-3.213909822986678,false
1129,-3.213909822986678,false
1130,-3.213909822986678,false
1131,-3.213909822986678,false
1132,-3.213909822986678,false
1133,-3.213909822986678,false
1134,-3.213909822986678,false
1135,-3.213909822986678,false
1136,-3.213909822986678,false
1137,-3.213909822986678,false
1138,-3.213909822986678,false
1139,-3.213909822986678,false
1140,-3.213909822986678,false
1141,-3.213909822986678,false
1142,-3.213909822986678,false
1143,-3.213909822986678,false
1144,-3.213909822986678,false
1145,-3.213909822986678,false
1146,-3.213909822986678,false
1147,-3.213909822986678,false
1148,-3.213909822986678,false
1149,-3.213909822986678,false
1150,-3.213909822986678,false
1151,-3.213909822986678,false
1152,-3.213909822986678,false
1153,-3.213909822986678,false
1154,-3.213909822986678,false
1155,-3.213909822986678,false
1156,-3.213909822986678,false
1157,-3.213909822986678,false
1158,-3.213909822986678,false
1159,-3.213909822986678,false
1160,-3.213909822986678,false
1161,-3.213909822986678,false
1162,-3.213909822986678,false
1163,-3.213909822986678,false
1164,-3.213909822986678,false
1165,-3.213909822986678,false
1166,-3.213909822986678,false
1167,-3.213909822986678,false
1168,-3.213909822986678,false
1169,-3.213909822986678,false
1170,-3.213909822986678,false
1171,-3.213909822986678,false
1172,-3.213909822986678,false
1173,-3.213909822986678,false
1174,-3.213909822986678,false
1175,-3.213909822986678,false
1176,-3.213909822986678,false
1177,-3.213909822986678,false
1178,-3.213909822986678,false
1179,-3.213909822986678,false
1180,-3.213909822986678,false
1181,-3.213909822986678,false
1182,-3.213909822986678,false
1183,-3.213909822986678,false
1184,-3.213909822986678,false
1185,-3.213909822986678,false
1186,-3.213909822986678,false
1187,-3.213909822986678,false
1188,-3.213909822986678,false
1189,-3.213909822986678,false
1190,-3.213909822986678,false
1191,-3.213909822986678,false
1192,-3.213909822986678,false
1193,-3.213909822986678,false
1194,-3.213909822986678,false
1195,-3.213909822986678,false
1196,-3.213909822986678,false
1197,-3.213909822986678,false
1198,-3.213909822986678,false
1199,-3.213909822986678,false
1200,-3.213909822986678,false
1201,-3.213909822986678,false
1202,-3.213909822986678,false
1203,-3.213909822986678,false
1204,-3.213909822986678,false
1205,-3.213909822986678,false
1206,-3.213909822986678,false
1207,-3.213909822986678,false
1208,-3.213909822986678,false
1209,-3.213909822986678,false
1210,-3.213909822986678,false
1211,-3.213909822986678,false
1212,-3.213909822986678,false
1213,-3.213909822986678,false
1214,-3.213909822986678,false
1215,-3.213909822986678,false
1216,-3.213909822986678,false
1217,-3.213909822986678,false
1218,-3.213909822986678,false
1219,-3.213909822986678,false
1220,-3.213909822986678,false
1221,-3.213909822986678,false
1222,-3.213909822986678,false
1223,-3.213909822986678,false
1224,-3.213909822986678,false
1225,-3.213909822986678,false
1226,-3.213909822986678,false
1227,-3.213909822986678,false
1228,-3.213909822986678,false
1229,-3.213909822986678,false
1230,-3.213909822986678,false
1231,-3.213909822986678,false
1232,-3.213909822986678,false
1233,-3.213909822986678,false
1234,-3.213909822986678,false
1235,-3.213909822986678,false
1236,-3.213909822986678,false
1237,-3.213909822986678,false
1238,-3.213909822986678,false
1239,-3.213909822986678,false
1240,-3.213909822986678,false
1241,-3.213909822986678,false
1242,-3.213909822986678,false
1243,-3.213909822986678,false
1244,-3.213909822986678,false
1245,-3.213909822986678,false
1246,-3.213909822986678,false
1247,-3.213909822986678,false
1248,-3.213909822986678,false
1249,-3.213909822986678,false
1250,-3.213909822986678,false
1251,-3.213909822986678,false
1252,-3.213909822986678,false
1253,-3.213909822986678,false
1254,-3.213909822986678,false
1255,-3.213909822986678,false
1256,-3.213909822986678,false
1257,-3.213909822986678,false
1258,-3.213909822986678,false
1259,-3.213909822986678,false
1260,-3.213909822986678,false
1261,-3.213909822986678,false
1262,-3.213909822986678,false
1263,-3.213909822986678,false
1264,-3.213909822986678,false
1265,-3.213909822986678,false
1266,-3.213909822986678,false
1267,-3.213909822986678,false
1268,-3.213909822986678,false
1269,-3.213909822986678,false
1270,-3.213909822986678,false
1271,-3.213909822986678,false
1272,-3.213909822986678,false
1273,-3.213909822986678,false
1274,-3.213909822986678,false
1275,-3.213909822986678,false
1276,-3.213909822986678,false
1277,-3.213909822986678,false
1278,-3.213909822986678,false
1279,-3.213909822986678,false
1280,-3.213909822986678,false
1281,-3.213909822986678,false
1282,-3.213909822986678,false
1283,-3.213909822986678,false
1284,-3.213909822986678,false
1285,-3.213909822986678,false
1286,-3.213909822986678,false
1287,-3.213909822986678,false
1288,-3.213909822986678,false
1289,-3.213909822986678,false
1290,-3.213909822986678,false
1291,-3.213909822986678,false
1292,-3.213909822986678,false
1293,-3.213909822986678,false
1294,-3.213909822986678,false
1295,-3.213909822986678,false
1296,-3.213909822986678,false
1297,-3.213909822986678,false
1298,-3.213909822986678,false
1299,-3.213909822986678,false
1300,-3.213909822986678,false
1301,-3.213909822986678,false
1302,-3.213909822986678,false
1303,-3.213909822986678,false
1304,-3.213909822986678,false
1305,-3.213909822986678,false
1306,-3.213909822986678,false
1307,-3.213909822986678,false
1308,-3.213909822986678,false
1309,-3.213909822986678,false
1310,-3.213909822986678,false
1311,-3.213909822986678,false
1312,-3.213909822986678,false
1313,-3.213909822986678,false
1314,-3.213909822986678,false
1315,-3.213909822986678,false
1316,-3.213909822986678,false
1317,-3.213909822986678,false
1318,-3.213909822986678,false
1319,-3.213909822986678,false
1320,-3.213909822986678,false
1321,-3.213909822986678,false
1322,-3.213909822986678,false
1323,-3.213909822986678,false
1324,-3.213909822986678,false
1325,-3.213909822986678,false
1326,-3.213909822986678,false
1327,-3.213909822986678,false
1328,-3.213909822986678,false
1329,-3.213909822986678,false
1330,-3.213909822986678,false
1331,-3.213909822986678,false
1332,-3.213909822986678,false
1333,-3.213909822986678,false
1334,-3.213909822986678,false
1335,-3.213909822986678,false
1336,-3.213909822986678,false
1337,-3.213909822986678,false
1338,-3.213909822986678,false
1339,-3.213909822986678,false
1340,-3.213909822986678,false
1341,-3.213909822986678,false
1342,-3.213909822986678,false
1343,-3.213909822986678,false
1344,-3.213909822986678,false
1345,-3.213909822986678,false
1346,-3.213909822986678,false
1347,-3.213909822986678,false
1348,-3.213909822986678,false
1349,-3.213909822986678,false
1350,-3.213909822986678,false
1351,-3.213909822986678,false
1352,-3.213909822986678,false
1353,-3.213909822986678,false
1354,-3.213909822986678,false
1355,-3.213909822986678,false
1356,-3.213909822986678,false
1357,-3.213909822986678,false
1358,-3.213909822986678,false
1359,-3.213909822986678,false
1360,-3.213909822986678,false
1361,-3.213909822986678,false
1362,-3.213909822986678,false
1363,-3.213909822986678,false
1364,-3.213909822986678,false
1365,-3.213909822986678,false
1366,-3.213909822986678,false
1367,-3.213909822986678,false
1368,-3.213909822986678,false
1369,-3.213909822986678,false
1370,-3.213909822986678,false
1371,-3.213909822986678,false
1372,-3.213909822986678,false
1373,-3.213909822986678,false
1374,-3.213909822986678,false
1375,-3.213909822986678,false
1376,-3.213909822986678,false
1377,-3.213909822986678,false
1378,-3.213909822986678,false
1379,-3.213909822986678,false
1380,-3.213909822986678,false
1381,-3.213909822986678,false
1382,-3.213909822986678,false
1383,-3.213909822986678,false
1384,-3.213909822986678,false
1385,-3.213909822986678,false
1386,-3.213909822986678,false
1387,-3.213909822986678,false
1388,-3.213909822986678,false
1389,-3.213909822986678,false
1390,-3.213909822986678,false
1391,-3.213909822986678,false
1392,-3.213909822986678,false
1393,-3.213909822986678,false
1394,-3.213909822986678,false
1395,-3.213909822986678,false
1396,-3.213909822986678,false
1397,-3.213909822986678,false
1398,-3.213909822986678,false
1399,-3.213909822986678,false
1400,-3.213909822986678,false
1401,-3.213909822986678,false
1402,-3.213909822986678,false
1403,-3.213909822986678,false
1404,-3.213909822986678,false
1405,-3.213909822986678,false
1406,-3.213909822986678,false
1407,-3.213909822986678,false
1408,-3.213909822986678,false
1409,-3.213909822986678,false
1410,-3.213909822986678,false
1411,-3.213909822986678,false
1412,-3.213909822986678,false
1413,-3.213909822986678,false
1414,-3.213909822986678,false
1415,-3.213909822986678,false
1416,-3.213909822986678,false
1417,-3.213909822986678,false
1418,-3.213909822986678,false
1419,-3.213909822986678,false
1420,-3.213909822986678,false
1421,-3.213909822986678,false
1422,-3.213909822986678,false
1423,-3.213909822986678,false
1424,-3.213909822986678,false
1425,-3.213909822986678,false
1426,-3.213909822986678,false
1427,-3.213909822986678,false
1428,-3.213909822986678,false
1429,-3.213909822986678,false
1430,-3.213909822986678,false
1431,-3.213909822986678,false
1432,-3.213909822986678,false
1433,-3.213909822986678,false
1434,-3.213909822986678,false
1435,-3.213909822986678,false
1436,-3.213909822986678,false
1437,-3.213909822986678,false
1438,-3.213909822986678,false
1439,-3.213909822986678,false
1440,-3.213909822986678,false
1441,-3.213909822986678,false
1442,-3.213909822986678,false
1443,-3.213909822986678,false
1444,-3.213909822986678,false
1445,-3.213909822986678,false
1446,-3.213909822986678,false
1447,-3.213909822986678,false
1448,-3.213909822986678,false
1449,-3.213909822986678,false
1450,-3.213909822986678,false
1451,-3.213909822986678,false
1452,-3.213909822986678,false
1453,-3.213909822986678,false
1454,-3.213909822986678,false
1455,-3.213909822986678,false
1456,-3.213909822986678,false
1457,-3.213909822986678,false
1458,-3.213909822986678,false
1459,-3.213909822986678,false
1460,-3.213909822986678,false
1461,-3.213909822986678,false
1462,-3.213909822986678,false
1463,-3.213909822986678,false
1464,-3.213909822986678,false
1465,-3.213909822986678,false
1466,-3.213909822986678,false
1467,-3.213909822986678,false
1468,-3.213909822986678,false
1469,-3.213909822986678,false
1470,-3.213909822986678,false
1471,-3.213909822986678,false
1472,-3.213909822986678,false
1473,-3.213909822986678,false
1474,-3.213909822986678,false
1475,-3.213909822986678,false
1476,-3.213909822986678,false
1477,-3.213909822986678,false
1478,-3.213909822986678,false
1479,-3.213909822986678,false
1480,-3.213909822986678,false
1481,-3.213909822986678,false
1482,-3.213909822986678,false
1483,-3.213909822986678,false
1484,-3.213909822986678,false
1485,-3.213909822986678,false
1486,-3.213909822986678,false
1487,-3.213909822986678,false
1488,-3.213909822986678,false
1489,-3.213909822986678,false
1490,-3.213909822986678,false
1491,-3.213909822986678,false
1492,-3.213909822986678,false
1493,-3.213909822986678,false
1494,-3.213909822986678,false
1495,-3.213909822986678,false
1496,-3.213909822986678,false
1497,-3.213909822986678,false
1498,-3.213909822986678,false
1499,-3.213909822986678,false
1500,-3.213909822986678,false
1501,-3.213909822986678,false
1502,-3.213909822986678,false
1503,-3.213909822986678,false
1504,-3.213909822986678,false
1505,-3.213909822986678,false
1506,-3.213909822986678,false
1507,-3.213909822986678,false
1508,-3.213909822986678,false
1509,-3.213909822986678,false
1510,-3.213909822986678,false
1511,-3.213909822986678,false
1512,-3.213909822986678,false
1513,-3.213909822986678,false
1514,-3.213909822986678,false
1515,-3.213909822986678,false
1516,-3.213909822986678,false
1517,-3.213909822986678,false
1518,-3.213909822986678,false
1519,-3.213909822986678,false
1520,-3.213909822986678,false
1521,-3.213909822986678,false
1522,-3.213909822986678,false
1523,-3.213909822986678,false
1524,-3.213909822986678,false
1525,-3.213909822986678,false
1526,-3.213909822986678,false
1527,-3.213909822986678,false
1528,-3.213909822986678,false
1529,-3.213909822986678,false
1530,-3.213909822986678,false
1531,-3.213909822986678,false
1532,-3.213909822986678,false
1533,-3.213909822986678,false
1534,-3.213909822986678,false
1535,-3.213909822986678,false
1536,-3.213909822986678,false
1537,-3.213909822986678,false
1538,-3.213909822986678,false
1539,-3.213909822986678,false
1540,-3.213909822986678,false
1541,-3.213909822986678,false
1542,-3.213909822986678,false
1543,-3.213909822986678,false
1544,-3.213909822986678,false
1545,-3.213909822986678,false
1546,-3.213909822986678,false
1547,-3.213909822986678,false
1548,-3.213909822986678,false
1549,-3.213909822986678,false
1550,-3.213909822986678,false
1551,-3.213909822986678,false
1552,-3.213909822986678,false
1553,-3.213909822986678,false
1554,-3.213909822986678,false
1555,-3.213909822986678,false
1556,-3.213909822986678,false
1557,-3.213909822986678,false
1558,-3.213909822986678,false
1559,-3.213909822986678,false
1560,-3.213909822986678,false
1561,-3.213909822986678,false
1562,-3.213909822986678,false
1563,-3.213909822986678,false
1564,-3.213909822986678,false
1565,-3.213909822986678,false
1566,-3.213909822986678,false
1567,-3.213909822986678,false
1568,-3.213909822986678,false
1569,-3.213909822986678,false
1570,-3.213909822986678,false
1571,-3.213909822986678,false
1572,-3.213909822986678,false
1573,-3.213909822986678,false
1574,-3.213909822986678,false
1575,-3.213909822986678,false
1576,-3.213909822986678,false
1577,-3.213909822986678,false
1578,-3.213909822986678,false
1579,-3.213909822986678,false
1580,-3.213909822986678,false
1581,-3.213909822986678,false
1582,-3.213909822986678,false
1583,-3.213909822986678,false
1584,-3.213909822986678,false
1585,-3.213909822986678,false
1586,-3.213909822986678,false
1587,-3.213909822986678,false
1588,-3.213909822986678,false
1589,-3.213909822986678,false
1590,-3.213909822986678,false
1591,-3.213909822986678,false
1592,-3.213909822986678,false
1593,-3.213909822986678,false
1594,-3.213909822986678,false
1595,-3.213909822986678,false
1596,-3.213909822986678,false
1597,-3.213909822986678,false
1598,-3.213909822986678,false
1599,-3.213909822986678,false
1600,-3.213909822986678,false
1601,-3.213909822986678,false
1602,-3.213909822986678,false
1603,-3.213909822986678,false
1604,-3.213909822986678,false
1605,-3.213909822986678,false
1606,-3.213909822986678,false
1607,-3.213909822986678,false
1608,-3.213909822986678,false
1609,-3.213909822986678,false
1610,-3.213909822986678,false
1611,-3.213909822986678,false
1612,-3.213909822986678,false
1613,-3.213909822986678,false
1614,-3.213909822986678,false
1615,-3.213909822986678,false
1616,-3.213909822986678,false
1617,-3.213909822986678,false
1618,-3.213909822986678,false
1619,-3.213909822986678,false
1620,-3.213909822986678,false
1621,-3.213909822986678,false
1622,-3.213909822986678,false
1623,-3.213909822986678,false
1624,-3.213909822986678,false
1625,-3.213909822986678,false
1626,-3.213909822986678,false
1627,-3.213909822986678,false
1628,-3.213909822986678,false
1629,-3.213909822986678,false
1630,-3.213909822986678,false
1631,-3.213909822986678,false
1632,-3.213909822986678,false
1633,-3.213909822986678,false
1634,-3.213909822986678,false
1635,-3.213909822986678,false
1636,-3.213909822986678,false
1637,-3.213909822986678,false
1638,-3.213909822986678,false
1639,-3.213909822986678,false
1640,-3.213909822986678,false
1641,-3.213909822986678,false
1642,-3.213909822986678,false
1643,-3.213909822986678,false
1644,-3.213909822986678,false
1645,-3.213909822986678,false
1646,-3.213909822986678,false
1647,-3.213909822986678,false
1648,-3.213909822986678,false
1649,-3.213909822986678,false
1650,-3.213909822986678,false
1651,-3.213909822986678,false
1652,-3.213909822986678,false
1653,-3.213909822986678,false
1654,-3.213909822986678,false
1655,-3.213909822986678,false
1656,-3.213909822986678,false
1657,-3.213909822986678,false
1658,-3.213909822986678,false
1659,-3.213909822986678,false
1660,-3.213909822986678,false
1661,-3.213909822986678,false
1662,-3.213909822986678,false
1663,-3.213909822986678,false
1664,-3.213909822986678,false
1665,-3.213909822986678,false
1666,-3.213909822986678,false
1667,-3.213909822986678,false
1668,-3.213909822986678,false
1669,-3.213909822986678,false
1670,-3.213909822986678,false
1671,-3.213909822986678,false
1672,-3.213909822986678,false
1673,-3.213909822986678,false
1674,-3.213909822986678,false
1675,-3.213909822986678,false
1676,-3.213909822986678,false
1677,-3.213909822986678,false
1678,-3.213909822986678,false
1679,-3.213909822986678,false
1680,-3.213909822986678,false
1681,-3.213909822986678,false
1682,-3.213909822986678,false
1683,-3.213909822986678,false
1684,-3.213909822986678,false
1685,-3.213909822986678,false
1686,-3.213909822986678,false
1687,-3.213909822986678,false
1688,-3.213909822986678,false
1689,-3.213909822986678,false
1690,-3.213909822986678,false
1691,-3.213909822986678,false
1692,-3.213909822986678,false
1693,-3.213909822986678,false
1694,-3.213909822986678,false
1695,-3.213909822986678,false
1696,-3.213909822986678,false
1697,-3.213909822986678,false
1698,-3.213909822986678,false
1699,-3.213909822986678,false
1700,-3.213909822986678,false
1701,-3.213909822986678,false
1702,-3.213909822986678,false
1703,-3.213909822986678,false
1704,-3.213909822986678,false
1705,-3.213909822986678,false
1706,-3.213909822986678,false
1707,-3.213909822986678,false
1708,-3.213909822986678,false
1709,-3.213909822986678,false
1710,-3.213909822986678,false
1711,-3.213909822986678,false
1712,-3.213909822986678,false
1713,-3.213909822986678,false
1714,-3.213909822986678,false
1715,-3.213909822986678,false
1716,-3.213909822986678,false
1717,-3.213909822986678,false
1718,-3.213909822986678,false
1719,-3.213909822986678,false
1720,-3.213909822986678,false
1721,-3.213909822986678,false
1722,-3.213909822986678,false
1723,-3.213909822986678,false
1724,-3.213909822986678,false
1725,-3.213909822986678,false
1726,-3.213909822986678,false
1727,-3.213909822986678,false
1728,-3.213909822986678,false
1729,-3.213909822986678,false
1730,-3.213909822986678,false
1731,-3.213909822986678,false
1732,-3.213909822986678,false
1733,-3.213909822986678,false
1734,-3.213909822986678,false
1735,-3.213909822986678,false
1736,-3.213909822986678,false
1737,-3.213909822986678,false
1738,-3.213909822986678,false
1739,-3.213909822986678,false
1740,-3.213909822986678,false
1741,-3.213909822986678,false
1742,-3.213909822986678,false
1743,-3.213909822986678,false
1744,-3.213909822986678,false
1745,-3.213909822986678,false
1746,-3.213909822986678,false
1747,-3.213909822986678,false
1748,-3.213909822986678,false
1749,-3.213909822986678,false
1750,-3.213909822986678,false
1751,-3.213909822986678,false
1752,-3.213909822986678,false
1753,-3.213909822986678,false
1754,-3.213909822986678,false
1755,-3.213909822986678,false
1756,-3.213909822986678,false
1757,-3.213909822986678,false
1758,-3.213909822986678,false
1759,-3.213909822986678,false
1760,-3.213909822986678,false
1761,-3.213909822986678,false
1762,-3.213909822986678,false
1763,-3.213909822986678,false
1764,-3.213909822986678,false
1765,-3.213909822986678,false
1766,-3.213909822986678,false
1767,-3.213909822986678,false
1768,-3.213909822986678,false
1769,-3.213909822986678,false
1770,-3.213909822986678,false
1771,-3.213909822986678,false
1772,-3.213909822986678,false
1773,-3.213909822986678,false
1774,-3.213909822986678,false
1775,-3.213909822986678,false
1776,-3.213909822986678,false
1777,-3.213909822986678,false
1778,-3.213909822986678,false
1779,-3.213909822986678,false
1780,-3.213909822986678,false
1781,-3.213909822986678,false
1782,-3.213909822986678,false
1783,-3.213909822986678,false
1784,-3.213909822986678,false
1785,-3.213909822986678,false
1786,-3.213909822986678,false
1787,-3.213909822986678,false
1788,-3.213909822986678,false
1789,-3.213909822986678,false
1790,-3.213909822986678,false
1791,-3.213909822986678,false
1792,-3.213909822986678,false
1793,-3.213909822986678,false
1794,-3.213909822986678,false
1795,-3.213909822986678,false
1796,-3.213909822986678,false
1797,-3.213909822986678,false
1798,-3.213909822986678,false
1799,-3.213909822986678,false
1800,-3.213909822986678,false
1801,-3.213909822986678,false
1802,-3.213909822986678,false
1803,-3.213909822986678,false
1804,-3.213909822986678,false
1805,-3.213909822986678,false
1806,-3.213909822986678,false
1807,-3.213909822986678,false
1808,-3.213909822986678,false
1809,-3.213909822986678,false
1810,-3.213909822986678,false
1811,-3.213909822986678,false
1812,-3.213909822986678,false
1813,-3.213909822986678,false
1814,-3.213909822986678,false
1815,-3.213909822986678,false
1816,-3.213909822986678,false
1817,-3.213909822986678,false
1818,-3.213909822986678,false
1819,-3.213909822986678,false
1820,-3.213909822986678,false
1821,-3.213909822986678,false
1822,-3.213909822986678,false
1823,-3.213909822986678,false
1824,-3.213909822986678,false
1825,-3.213909822986678,false
1826,-3.213909822986678,false
1827,-3.213909822986678,false
1828,-3.213909822986678,false
1829,-3.213909822986678,false
1830,-3.213909822986678,false
1831,-3.213909822986678,false
1832,-3.213909822986678,false
1833,-3.213909822986678,false
1834,-3.213909822986678,false
1835,-3.213909822986678,false
1836,-3.213909822986678,false
1837,-3.213909822986678,false
1838,-3.213909822986678,false
1839,-3.213909822986678,false
1840,-3.213909822986678,false
1841,-3.213909822986678,false
1842,-3.213909822986678,false
1843,-3.213909822986678,false
1844,-3.213909822986678,false
1845,-3.213909822986678,false
1846,-3.213909822986678,false
1847,-3.213909822986678,false
1848,-3.213909822986678,false
1849,-3.213909822986678,false
1850,-3.213909822986678,false
1851,-3.213909822986678,false
1852,-3.213909822986678,false
1853,-3.213909822986678,false
1854,-3.213909822986678,false
1855,-3.213909822986678,false
1856,-3.213909822986678,false
1857,-3.213909822986678,false
1858,-3.213909822986678,false
1859,-3.213909822986678,false
1860,-3.213909822986678,false
1861,-3.213909822986678,false
1862,-3.213909822986678,false
1863,-3.213909822986678,false
1864,-3.213909822986678,false
1865,-3.213909822986678,false
1866,-3.213909822986678,false
1867,-3.213909822986678,false
1868,-3.213909822986678,false
1869,-3.213909822986678,false
1870,-3.213909822986678,false
1871,-3.213909822986678,false
1872,-3.213909822986678,false
1873,-3.213909822986678,false
1874,-3.213909822986678,false
1875,-3.213909822986678,false
1876,-3.213909822986678,false
1877,-3.213909822986678,false
1878,-3.213909822986678,false
1879,-3.213909822986678,false
1880,-3.213909822986678,false
1881,-3.213909822986678,false
1882,-3.213909822986678,false
1883,-3.213909822986678,false
1884,-3.213909822986678,false
1885,-3.213909822986678,false
1886,-3.213909822986678,false
1887,-3.213909822986678,false
1888,-3.213909822986678,false
1889,-3.213909822986678,false
1890,-3.213909822986678,false
1891,-3.213909822986678,false
1892,-3.213909822986678,false
1893,-3.213909822986678,false
1894,-3.213909822986678,false
1895,-3.213909822986678,false
1896,-3.213909822986678,false
1897,-3.213909822986678,false
1898,-3.213909822986678,false
1899,-3.213909822986678,false
1900,-3.213909822986678,false
1901,-3.213909822986678,false
1902,-3.213909822986678,false
1903,-3.213909822986678,false
1904,-3.213909822986678,false
1905,-3.213909822986678,false
1906,-3.213909822986678,false
1907,-3.213909822986678,false
1908,-3.213909822986678,false
1909,-3.213909822986678,false
1910,-3.213909822986678,false
1911,-3.213909822986678,false
1912,-3.213909822986678,false
1913,-3.213909822986678,false
1914,-3.213909822986678,false
1915,-3.213909822986678,false
1916,-3.213909822986678,false
1917,-3.213909822986678,false
1918,-3.213909822986678,false
1919,-3.213909822986678,false
1920,-3.213909822986678,false
1921,-3.213909822986678,false
1922,-3.213909822986678,false
1923,-3.213909822986678,false
1924,-3.213909822986678,false
1925,-3.213909822986678,false
1926,-3.213909822986678,false
1927,-3.213909822986678,false
1928,-3.213909822986678,false
1929,-3.213909822986678,false
1930,-3.213909822986678,false
1931,-3.213909822986678,false
1932,-3.213909822986678,false
1933,-3.213909822986678,false
1934,-3.213909822986678,false
1935,-3.213909822986678,false
1936,-3.213909822986678,false
1937,-3.213909822986678,false
1938,-3.213909822986678,false
1939,-3.213909822986678,false
1940,-3.213909822986678,false
1941,-3.213909822986678,false
1942,-3.213909822986678,false
1943,-3.213909822986678,false
1944,-3.213909822986678,false
1945,-3.213909822986678,false
1946,-3.213909822986678,false
1947,-3.213909822986678,false
1948,-3.213909822986678,false
1949,-3.213909822986678,false
1950,-3.213909822986678,false
1951,-3.213909822986678,false
1952,-3.213909822986678,false
1953,-3.213909822986678,false
1954,-3.213909822986678,false
1955,-3.213909822986678,false
1956,-3.213909822986678,false
1957,-3.213909822986678,false
1958,-3.213909822986678,false
1959,-3.213909822986678,false
1960,-3.213909822986678,false
1961,-3.213909822986678,false
1962,-3.213909822986678,false
1963,-3.213909822986678,false
1964,-3.213909822986678,false
1965,-3.213909822986678,false
1966,-3.213909822986678,false
1967,-3.213909822986678,false
1968,-3.213909822986678,false
1969,-3.213909822986678,false
1970,-3.213909822986678,false
1971,-3.213909822986678,false
1972,-3.213909822986678,false
1973,-3.213909822986678,false
1974,-3.213909822986678,false
1975,-3.213909822986678,false
1976,-3.213909822986678,false
1977,-3.213909822986678,false
1978,-3.213909822986678,false
1979,-3.213909822986678,false
1980,-3.213909822986678,false
1981,-3.213909822986678,false
1982,-3.213909822986678,false
1983,-3.213909822986678,false
1984,-3.213909822986678,false
1985,-3.213909822986678,false
1986,-3.213909822986678,false
1987,-3.213909822986678,false
1988,-3.213909822986678,false
1989,-3.213909822986678,false
1990,-3.213909822986678,false
1991,-3.213909822986678,false
1992,-3.213909822986678,false
1993,-3.213909822986678,false
1994,-3.213909822986678,false
1995,-3.213909822986678,false
1996,-3.213909822986678,false
1997,-3.213909822986678,false
1998,-3.213909822986678,false
1999,-3.213909822986678,false
2000,-3.213909822986678,false
2001,-3.213909822986678,false
2002,-3.213909822986678,false
2003,-3.213909822986678,false
2004,-3.213909822986678,false
2005,-3.213909822986678,false
2006,-3.213909822986678,false
2007,-3.213909822986678,false
2008,-3.213909822986678,false
2009,-3.213909822986678,false
2010,-3.213909822986678,false
2011,-3.213909822986678,false
2012,-3.213909822986678,false
2013,-3.213909822986678,false
2014,-3.213909822986678,false
2015,-3.213909822986678,false
2016,-3.213909822986678,false
2017,-3.213909822986678,false
2018,-3.213909822986678,false
2019,-3.213909822986678,false
2020,-3.213909822986678,false
2021,-3.213909822986678,false
2022,-3.213909822986678,false
2023,-3.213909822986678,false
2024,-3.213909822986678,false
2025,-3.213909822986678,false
2026,-3.213909822986678,false
2027,-3.213909822986678,false
2028,-3.213909822986678,false
2029,-3.213909822986678,false
2030,-3.213909822986678,false
2031,-3.213909822986678,false
2032,-3.213909822986678,false
2033,-3.213909822986678,false
2034,-3.213909822986678,false
2035,-3.213909822986678,false
2036,-3.213909822986678,false
2037,-3.213909822986678,false
2038,-3.213909822986678,false
2039,-3.213909822986678,false
2040,-3.213909822986678,false
2041,-3.213909822986678,false
2042,-3.213909822986678,false
2043,-3.213909822986678,false
2044,-3.213909822986678,false
2045,-3.213909822986678,false
2046,-3.213909822986678,false
2047,-3.213909822986678,false
2048,-3.213909822986678,false
2049,-3.213909822986678,false
2050,-3.213909822986678,false
2051,-3.213909822986678,false
2052,-3.213909822986678,false
2053,-3.213909822986678,false
2054,-3.213909822986678,false
2055,-3.213909822986678,false
2056,-3.213909822986678,false
2057,-3.213909822986678,false
2058,-3.213909822986678,false
2059,-3.213909822986678,false
2060,-3.213909822986678,false
2061,-3.213909822986678,false
2062,-3.213909822986678,false
2063,-3.213909822986678,false
2064,-3.213909822986678,false
2065,-3.213909822986678,false
2066,-3.213909822986678,false
2067,-3.213909822986678,false
2068,-3.213909822986678,false
2069,-3.213909822986678,false
2070,-3.213909822986678,false
2071,-3.213909822986678,false
2072,-3.213909822986678,false
2073,-3.213909822986678,false
2074,-3.213909822986678,false
2075,-3.213909822986678,false
2076,-3.213909822986678,false
2077,-3.213909822986678,false
2078,-3.213909822986678,false
2079,-3.213909822986678,false
2080,-3.213909822986678,false
2081,-3.213909822986678,false
2082,-3.213909822986678,false
2083,-3.213909822986678,false
2084,-3.213909822986678,false
2085,-3.213909822986678,false
2086,-3.213909822986678,false
2087,-3.213909822986678,false
2088,-3.213909822986678,false
2089,-3.213909822986678,false
2090,-3.213909822986678,false
2091,-3.213909822986678,false
2092,-3.213909822986678,false
2093,-3.213909822986678,false
2094,-3.213909822986678,false
2095,-3.213909822986678,false
2096,-3.213909822986678,false
2097,-3.213909822986678,false
2098,-3.213909822986678,false
2099,-3.213909822986678,false
2100,-3.213909822986678,false
2101,-3.213909822986678,false
2102,-3.213909822986678,false
2103,-3.213909822986678,false
2104,-3.213909822986678,false
2105,-3.213909822986678,false
2106,-3.213909822986678,false
2107,-3.213909822986678,false
2108,-3.213909822986678,false
2109,-3.213909822986678,false
2110,-3.213909822986678,false
2111,-3.213909822986678,false
2112,-3.213909822986678,false
2113,-3.213909822986678,false
2114,-3.213909822986678,false
2115,-3.213909822986678,false
2116,-3.213909822986678,false
2117,-3.213909822986678,false
2118,-3.213909822986678,false
2119,-3.213909822986678,false
2120,-3.213909822986678,false
2121,-3.213909822986678,false
2122,-3.213909822986678,false
2123,-3.213909822986678,false
2124,-3.213909822986678,false
2125,-3.213909822986678,false
2126,-3.213909822986678,false
2127,-3.213909822986678,false
2128,-3.213909822986678,false
2129,-3.213909822986678,false
2130,-3.213909822986678,false
2131,-3.213909822986678,false
2132,-3.213909822986678,false
2133,-3.213909822986678,false
2134,-3.213909822986678,false
2135,-3.213909822986678,false
2136,-3.213909822986678,false
2137,-3.213909822986678,false
2138,-3.213909822986678,false
2139,-3.213909822986678,false
2140,-3.213909822986678,false
2141,-3.213909822986678,false
2142,-3.213909822986678,false
2143,-3.213909822986678,false
2144,-3.213909822986678,false
2145,-3.213909822986678,false
2146,-3.213909822986678,false
2147,-3.213909822986678,false
2148,-3.213909822986678,false
2149,-3.213909822986678,false
2150,-3.213909822986678,false
2151,-3.213909822986678,false
2152,-3.213909822986678,false
2153,-3.213909822986678,false
2154,-3.213909822986678,false
2155,-3.213909822986678,false
2156,-3.213909822986678,false
2157,-3.213909822986678,false
2158,-3.213909822986678,false
2159,-3.213909822986678,false
2160,-3.213909822986678,false
2161,-3.213909822986678,false
2162,-3.213909822986678,false
2163,-3.213909822986678,false
2164,-3.213909822986678,false
2165,-3.213909822986678,false
2166,-3.213909822986678,false
2167,-3.213909822986678,false
2168,-3.213909822986678,false
2169,-3.213909822986678,false
2170,-3.213909822986678,false
2171,-3.213909822986678,false
2172,-3.213909822986678,false
2173,-3.213909822986678,false
2174,-3.213909822986678,false
2175,-3.213909822986678,false
2176,-3.213909822986678,false
2177,-3.213909822986678,false
2178,-3.213909822986678,false
2179,-3.213909822986678,false
2180,-3.213909822986678,false
2181,-3.213909822986678,false
2182,-3.213909822986678,false
2183,-3.213909822986678,false
2184,-3.213909822986678,false
2185,-3.213909822986678,false
2186,-3.213909822986678,false
2187,-3.213909822986678,false
2188,-3.213909822986678,false
2189,-3.213909822986678,false
2190,-3.213909822986678,false
2191,-3.213909822986678,false
2192,-3.213909822986678,false
2193,-3.213909822986678,false
2194,-3.213909822986678,false
2195,-3.213909822986678,false
2196,-3.213909822986678,false
2197,-3.213909822986678,false
2198,-3.213909822986678,false
2199,-3.213909822986678,false
2200,-3.213909822986678,false
2201,-3.213909822986678,false
2202,-3.213909822986678,false
2203,-3.213909822986678,false
2204,-3.213909822986678,false
2205,-3.213909822986678,false
2206,-3.213909822986678,false
2207,-3.213909822986678,false
2208,-3.213909822986678,false
2209,-3.213909822986678,false
2210,-3.213909822986678,false
2211,-3.213909822986678,false
2212,-3.213909822986678,false
2213,-3.213909822986678,false
2214,-3.213909822986678,false
2215,-3.213909822986678,false
2216,-3.213909822986678,false
2217,-3.213909822986678,false
2218,-3.213909822986678,false
2219,-3.213909822986678,false
2220,-3.213909822986678,false
2221,-3.213909822986678,false
2222,-3.213909822986678,false
2223,-3.213909822986678,false
2224,-3.213909822986678,false
2225,-3.213909822986678,false
2226,-3.213909822986678,false
2227,-3.213909822986678,false
2228,-3.213909822986678,false
2229,-3.213909822986678,false
2230,-3.213909822986678,false
2231,-3.213909822986678,false
2232,-3.213909822986678,false
2233,-3.213909822986678,false
2234,-3.213909822986678,false
2235,-3.213909822986678,false
2236,-3.213909822986678,false
2237,-3.213909822986678,false
2238,-3.213909822986678,false
2239,-3.213909822986678,false
2240,-3.213909822986678,false
2241,-3.213909822986678,false
2242,-3.213909822986678,false
2243,-3.213909822986678,false
2244,-3.213909822986678,false
2245,-3.213909822986678,false
2246,-3.213909822986678,false
2247,-3.213909822986678,false
2248,-3.213909822986678,false
2249,-3.213909822986678,false
2250,-3.213909822986678,false
2251,-3.213909822986678,false
2252,-3.213909822986678,false
2253,-3.213909822986678,false
2254,-3.213909822986678,false
2255,-3.213909822986678,false
2256,-3.213909822986678,false
2257,-3.213909822986678,false
2258,-3.213909822986678,false
2259,-3.213909822986678,false
2260,-3.213909822986678,false
2261,-3.213909822986678,false
2262,-3.213909822986678,false
2263,-3.213909822986678,false
2264,-3.213909822986678,false
2265,-3.213909822986678,false
2266,-3.213909822986678,false
2267,-3.213909822986678,false
2268,-3.213909822986678,false
2269,-3.213909822986678,false
2270,-3.213909822986678,false
2271,-3.213909822986678,false
2272,-3.213909822986678,false
2273,-3.213909822986678,false
2274,-3.213909822986678,false
2275,-3.213909822986678,false
2276,-3.213909822986678,false
2277,-3.213909822986678,false
2278,-3.213909822986678,false
2279,-3.213909822986678,false
2280,-3.213909822986678,false
2281,-3.213909822986678,false
2282,-3.213909822986678,false
2283,-3.213909822986678,false
2284,-3.213909822986678,false
2285,-3.213909822986678,false
2286,-3.213909822986678,false
2287,-3.213909822986678,false
2288,-3.213909822986678,false
2289,-3.213909822986678,false
2290,-3.213909822986678,false
2291,-3.213909822986678,false
2292,-3.213909822986678,false
2293,-3.213909822986678,false
2294,-3.213909822986678,false
2295,-3.213909822986678,false
2296,-3.213909822986678,false
2297,-3.213909822986678,false
2298,-3.213909822986678,false
2299,-3.213909822986678,false
2300,-3.213909822986678,false
2301,-3.213909822986678,false
2302,-3.213909822986678,false
2303,-3.213909822986678,false
2304,-3.213909822986678,false
2305,-3.213909822986678,false
2306,-3.213909822986678,false
2307,-3.213909822986678,false
2308,-3.213909822986678,false
2309,-3.213909822986678,false
2310,-3.213909822986678,false
2311,-3.213909822986678,false
2312,-3.213909822986678,false
2313,-3.213909822986678,false
2314,-3.213909822986678,false
2315,-3.213909822986678,false
2316,-3.213909822986678,false
2317,-3.213909822986678,false
2318,-3.213909822986678,false
2319,-3.213909822986678,false
2320,-3.213909822986678,false
2321,-3.213909822986678,false
2322,-3.213909822986678,false
2323,-3.213909822986678,false
2324,-3.213909822986678,false
2325,-3.213909822986678,false
2326,-3.213909822986678,false
2327,-3.213909822986678,false
2328,-3.213909822986678,false
2329,-3.213909822986678,false
2330,-3.213909822986678,false
2331,-3.213909822986678,false
2332,-3.213909822986678,false
2333,-3.213909822986678,false
2334,-3.213909822986678,false
2335,-3.213909822986678,false
2336,-3.213909822986678,false
2337,-3.213909822986678,false
2338,-3.213909822986678,false
2339,-3.213909822986678,false
2340,-3.213909822986678,false
2341,-3.213909822986678,false
2342,-3.213909822986678,false
2343,-3.213909822986678,false
2344,-3.213909822986678,false
2345,-3.213909822986678,false
2346,-3.213909822986678,false
2347,-3.213909822986678,false
2348,-3.213909822986678,false
2349,-3.213909822986678,false
2350,-3.213909822986678,false
2351,-3.213909822986678,false
2352,-3.213909822986678,false
2353,-3.213909822986678,false
2354,-3.213909822986678,false
2355,-3.213909822986678,false
2356,-3.213909822986678,false
2357,-3.213909822986678,false
2358,-3.213909822986678,false
2359,-3.213909822986678,false
2360,-3.213909822986678,false
2361,-3.213909822986678,false
2362,-3.213909822986678,false
2363,-3.213909822986678,false
2364,-3.213909822986678,false
2365,-3.213909822986678,false
2366,-3.213909822986678,false
2367,-3.213909822986678,false
2368,-3.213909822986678,false
2369,-3.213909822986678,false
2370,-3.213909822986678,false
2371,-3.213909822986678,false
2372,-3.213909822986678,false
2373,-3.213909822986678,false
2374,-3.213909822986678,false
2375,-3.213909822986678,false
2376,-3.213909822986678,false
2377,-3.213909822986678,false
2378,-3.213909822986678,false
2379,-3.213909822986678,false
2380,-3.213909822986678,false
2381,-3.213909822986678,false
2382,-3.213909822986678,false
2383,-3.213909822986678,false
2384,-3.213909822986678,false
2385,-3.213909822986678,false
2386,-3.213909822986678,false
2387,-3.213909822986678,false
2388,-3.213909822986678,false
2389,-3.213909822986678,false
2390,-3.213909822986678,false
2391,-3.213909822986678,false
2392,-3.213909822986678,false
2393,-3.213909822986678,false
2394,-3.213909822986678,false
2395,-3.213909822986678,false
2396,-3.213909822986678,false
2397,-3.213909822986678,false
2398,-3.213909822986678,false
2399,-3.213909822986678,false
2400,-3.213909822986678,false
2401,-3.213909822986678,false
2402,-3.213909822986678,false
2403,-3.213909822986678,false
2404,-3.213909822986678,false
2405,-3.213909822986678,false
2406,-3.213909822986678,false
2407,-3.213909822986678,false
2408,-3.213909822986678,false
2409,-3.213909822986678,false
2410,-3.213909822986678,false
2411,-3.213909822986678,false
2412,-3.213909822986678,false
2413,-3.213909822986678,false
2414,-3.213909822986678,false
2415,-3.213909822986678,false
2416,-3.213909822986678,false
2417,-3.213909822986678,false
2418,-3.213909822986678,false
2419,-3.213909822986678,false
2420,-3.213909822986678,false
2421,-3.213909822986678,false
2422,-3.213909822986678,false
2423,-3.213909822986678,false
2424,-3.213909822986678,false
2425,-3.213909822986678,false
2426,-3.213909822986678,false
2427,-3.213909822986678,false
2428,-3.213909822986678,false
2429,-3.213909822986678,false
2430,-3.213909822986678,false
2431,-3.213909822986678,false
2432,-3.213909822986678,false
2433,-3.213909822986678,false
2434,-3.213909822986678,false
2435,-3.213909822986678,false
2436,-3.213909822986678,false
2437,-3.213909822986678,false
2438,-3.213909822986678,false
2439,-3.213909822986678,false
2440,-3.213909822986678,false
2441,-3.213909822986678,false
2442,-3.213909822986678,false
2443,-3.213909822986678,false
2444,-3.213909822986678,false
2445,-3.213909822986678,false
2446,-3.213909822986678,false
2447,-3.213909822986678,false
2448,-3.213909822986678,false
2449,-3.213909822986678,false
2450,-3.213909822986678,false
2451,-3.213909822986678,false
2452,-3.213909822986678,false
2453,-3.213909822986678,false
2454,-3.213909822986678,false
2455,-3.213909822986678,false
2456,-3.213909822986678,false
2457,-3.213909822986678,false
2458,-3.213909822986678,false
2459,-3.213909822986678,false
2460,-3.213909822986678,false
2461,-3.213909822986678,false
2462,-3.213909822986678,false
2463,-3.213909822986678,false
2464,-3.213909822986678,false
2465,-3.213909822986678,false
2466,-3.213909822986678,false
2467,-3.213909822986678,false
2468,-3.213909822986678,false
2469,-3.213909822986678,false
2470,-3.213909822986678,false
2471,-3.213909822986678,false
2472,-3.213909822986678,false
2473,-3.213909822986678,false
2474,-3.213909822986678,false
2475,-3.213909822986678,false
2476,-3.213909822986678,false
2477,-3.213909822986678,false
2478,-3.213909822986678,false
2479,-3.213909822986678,false
2480,-3.213909822986678,false
2481,-3.213909822986678,false
2482,-3.213909822986678,false
2483,-3.213909822986678,false
2484,-3.213909822986678,false
2485,-3.213909822986678,false
2486,-3.213909822986678,false
2487,-3.213909822986678,false
2488,-3.213909822986678,false
2489,-3.213909822986678,false
2490,-3.213909822986678,false
2491,-3.213909822986678,false
2492,-3.213909822986678,false
2493,-3.213909822986678,false
2494,-3.213909822986678,false
2495,-3.213909822986678,false
2496,-3.213909822986678,false
2497,-3.213909822986678,false
2498,-3.213909822986678,false
2499,-3.213909822986678,false
2500,-3.213909822986678,false
2501,-3.213909822986678,false
2502,-3.213909822986678,false
2503,-3.213909822986678,false
2504,-3.213909822986678,false
2505,-3.213909822986678,false
2506,-3.213909822986678,false
2507,-3.213909822986678,false
2508,-3.213909822986678,false
2509,-3.213909822986678,false
2510,-3.213909822986678,false
2511,-3.213909822986678,false
2512,-3.213909822986678,false
2513,-3.213909822986678,false
2514,-3.213909822986678,false
2515,-3.213909822986678,false
2516,-3.213909822986678,false
2517,-3.213909822986678,false
2518,-3.213909822986678,false
2519,-3.213909822986678,false
2520,-3.213909822986678,false
2521,-3.213909822986678,false
2522,-3.213909822986678,false
2523,-3.213909822986678,false
2524,-3.213909822986678,false
2525,-3.213909822986678,false
2526,-3.213909822986678,false
2527,-3.213909822986678,false
2528,-3.213909822986678,false
2529,-3.213909822986678,false
2530,-3.213909822986678,false
2531,-3.213909822986678,false
2532,-3.213909822986678,false
2533,-3.213909822986678,false
2534,-3.213909822986678,false
2535,-3.213909822986678,false
2536,-3.213909822986678,false
2537,-3.213909822986678,false
2538,-3.213909822986678,false
2539,-3.213909822986678,false
2540,-3.213909822986678,false
2541,-3.213909822986678,false
2542,-3.213909822986678,false
2543,-3.213909822986678,false
2544,-3.213909822986678,false
2545,-3.213909822986678,false
2546,-3.213909822986678,false
2547,-3.213909822986678,false
2548,-3.213909822986678,false
2549,-3.213909822986678,false
2550,-3.213909822986678,false
2551,-3.213909822986678,false
2552,-3.213909822986678,false
2553,-3.213909822986678,false
2554,-3.213909822986678,false
2555,-3.213909822986678,false
2556,-3.213909822986678,false
2557,-3.213909822986678,false
2558,-3.213909822986678,false
2559,-3.213909822986678,false
2560,-3.213909822986678,false
2561,-3.213909822986678,false
2562,-3.213909822986678,false
2563,-3.213909822986678,false
2564,-3.213909822986678,false
2565,-3.213909822986678,false
2566,-3.213909822986678,false
2567,-3.213909822986678,false
2568,-3.213909822986678,false
2569,-3.213909822986678,false
2570,-3.213909822986678,false
2571,-3.213909822986678,false
2572,-3.213909822986678,false
2573,-3.213909822986678,false
2574,-3.213909822986678,false
2575,-3.213909822986678,false
2576,-3.213909822986678,false
2577,-3.213909822986678,false
2578,-3.213909822986678,false
2579,-3.213909822986678,false
2580,-3.213909822986678,false
2581,-3.213909822986678,false
2582,-3.213909822986678,false
2583,-3.213909822986678,false
2584,-3.213909822986678,false
2585,-3.213909822986678,false
2586,-3.213909822986678,false
2587,-3.213909822986678,false
2588,-3.213909822986678,false
2589,-3.213909822986678,false
2590,-3.213909822986678,false
2591,-3.213909822986678,false
2592,-3.213909822986678,false
2593,-3.213909822986678,false
2594,-3.213909822986678,false
2595,-3.213909822986678,false
2596,-3.213909822986678,false
2597,-3.213909822986678,false
2598,-3.213909822986678,false
2599,-3.213909822986678,false
2600,-3.213909822986678,false
2601,-3.213909822986678,false
2602,-3.213909822986678,false
2603,-3.213909822986678,false
2604,-3.213909822986678,false
2605,-3.213909822986678,false
2606,-3.213909822986678,false
2607,-3.213909822986678,false
2608,-3.213909822986678,false
2609,-3.213909822986678,false
2610,-3.213909822986678,false
2611,-3.213909822986678,false
2612,-3.213909822986678,false
2613,-3.213909822986678,false
2614,-3.213909822986678,false
2615,-3.213909822986678,false
2616,-3.213909822986678,false
2617,-3.213909822986678,false
2618,-3.213909822986678,false
2619,-3.213909822986678,false
2620,-3.213909822986678,false
2621,-3.213909822986678,false
2622,-3.213909822986678,false
2623,-3.213909822986678,false
2624,-3.213909822986678,false
2625,-3.213909822986678,false
2626,-3.213909822986678,false
2627,-3.213909822986678,false
2628,-3.213909822986678,false
2629,-3.213909822986678,false
2630,-3.213909822986678,false
2631,-3.213909822986678,false
2632,-3.213909822986678,false
2633,-3.213909822986678,false
2634,-3.213909822986678,false
2635,-3.213909822986678,false
2636,-3.213909822986678,false
2637,-3.213909822986678,false
2638,-3.213909822986678,false
2639,-3.213909822986678,false
2640,-3.213909822986678,false
2641,-3.213909822986678,false
2642,-3.213909822986678,false
2643,-3.213909822986678,false
2644,-3.213909822986678,false
2645,-3.213909822986678,false
2646,-3.213909822986678,false
2647,-3.213909822986678,false
2648,-3.213909822986678,false
2649,-3.213909822986678,false
2650,-3.213909822986678,false
2651,-3.213909822986678,false
2652,-3.213909822986678,false
2653,-3.213909822986678,false
2654,-3.213909822986678,false
2655,-3.213909822986678,false
2656,-3.213909822986678,false
2657,-3.213909822986678,false
2658,-3.213909822986678,false
2659,-3.213909822986678,false
2660,-3.213909822986678,false
2661,-3.213909822986678,false
2662,-3.213909822986678,false
2663,-3.213909822986678,false
2664,-3.213909822986678,false
2665,-3.213909822986678,false
2666,-3.213909822986678,false
2667,-3.213909822986678,false
2668,-3.213909822986678,false
2669,-3.213909822986678,false
2670,-3.213909822986678,false
2671,-3.213909822986678,false
2672,-3.213909822986678,false
2673,-3.213909822986678,false
2674,-3.213909822986678,false
2675,-3.213909822986678,false
2676,-3.213909822986678,false
2677,-3.213909822986678,false
2678,-3.213909822986678,false
2679,-3.213909822986678,false
2680,-3.213909822986678,false
2681,-3.213909822986678,false
2682,-3.213909822986678,false
2683,-3.213909822986678,false
2684,-3.213909822986678,false
2685,-3.213909822986678,false
2686,-3.213909822986678,false
2687,-3.213909822986678,false
2688,-3.213909822986678,false
2689,-3.213909822986678,false
2690,-3.213909822986678,false
2691,-3.213909822986678,false
2692,-3.213909822986678,false
2693,-3.213909822986678,false
2694,-3.213909822986678,false
2695,-3.213909822986678,false
2696,-3.213909822986678,false
2697,-3.213909822986678,false
2698,-3.213909822986678,false
2699,-3.213909822986678,false
2700,-3.213909822986678,false
2701,-3.213909822986678,false
2702,-3.213909822986678,false
2703,-3.213909822986678,false
2704,-3.213909822986678,false
2705,-3.213909822986678,false
2706,-3.213909822986678,false
2707,-3.213909822986678,false
2708,-3.213909822986678,false
2709,-3.213909822986678,false
2710,-3.213909822986678,false
2711,-3.213909822986678,false
2712,-3.213909822986678,false
2713,-3.213909822986678,false
2714,-3.213909822986678,false
2715,-3.213909822986678,false
2716,-3.213909822986678,false
2717,-3.213909822986678,false
2718,-3.213909822986678,false
2719,-3.213909822986678,false
2720,-3.213909822986678,false
2721,-3.213909822986678,false
2722,-3.213909822986678,false
2723,-3.213909822986678,false
2724,-3.213909822986678,false
2725,-3.213909822986678,false
2726,-3.213909822986678,false
2727,-3.213909822986678,false
2728,-3.213909822986678,false
2729,-3.213909822986678,false
2730,-3.213909822986678,false
2731,-3.213909822986678,false
2732,-3.213909822986678,false
2733,-3.213909822986678,false
2734,-3.213909822986678,false
2735,-3.213909822986678,false
2736,-3.213909822986678,false
2737,-3.213909822986678,false
2738,-3.213909822986678,false
2739,-3.213909822986678,false
2740,-3.213909822986678,false
2741,-3.213909822986678,false
2742,-3.213909822986678,false
2743,-3.213909822986678,false
2744,-3.213909822986678,false
2745,-3.213909822986678,false
2746,-3.213909822986678,false
2747,-3.213909822986678,false
2748,-3.213909822986678,false
2749,-3.213909822986678,false
