run_id,parent_uid,parent_parent_uid,parent_native_depth,parent_gini_generation,child_gini_generation,parent_gamma_L,parent_gamma_U,split,parent_relaxation,lower_uid,lower_gamma_L,lower_gamma_U,lower_estimate,lower_gamma_floor,lower_weighted_penalty_lb,lower_domain_estimate,lower_lift,lower_station_deviation_lbs,upper_uid,upper_gamma_L,upper_gamma_U,upper_estimate,upper_gamma_floor,upper_weighted_penalty_lb,upper_domain_estimate,upper_lift,upper_station_deviation_lbs,estimate_mode,sibling_discriminated,creation_time,creation_node_count,open_nodes,simplex_iterations,validity_status,failure_reason
stage1__moderate_seed3301__f0__300s,0,-1,0,0,1,0,0.04915255266474515,0.024576276332372575,0.034537980093628455,1,0,0.024576276332372575,0.034537980093628455,0,0,0,0,0|0|0|0|0|0|0|0|0|0|0|0|0|0|0|0|0|0|0|0,2,0.024576276332372575,0.04915255266474515,0.034537980093628455,0.024576276332372575,0,0.024576276332372575,0,0|0|0|0|0|0|0|0|0|0|0|0|0|0|0|0|0|0|0|0,parent-copy,false,6.5354508999999998,0,1,13958,passed,
stage1__moderate_seed3301__f0__300s,1,0,1,1,2,0,0.024576276332372575,0.012288138166186287,0.035496429373112398,3,0,0.012288138166186287,0.035496429373112398,0,0,0,0,0|0|0|0|0|0|0|0|0|0|0|0|0|0|0|0|0|0|0|0,4,0.012288138166186287,0.024576276332372575,0.035496429373112398,0.012288138166186287,0,0.012288138166186287,0,0|0|0|0|0|0|0|0|0|0|0|0|0|0|0|0|0|0|0|0,parent-copy,false,6.7959490000000002,1,2,13958,passed,
stage1__moderate_seed3301__f0__300s,2,0,1,1,2,0.024576276332372575,0.04915255266474515,0.036864414498558859,0.046950912090021876,5,0.024576276332372575,0.036864414498558859,0.046950912090021876,0.024576276332372575,0,0.024576276332372575,0,0|0|0|0|0|0|0|0|0|0|0|0|0|0|0|0|0|0|0|0,6,0.036864414498558859,0.04915255266474515,0.046950912090021876,0.036864414498558859,0,0.036864414498558859,0,0|0|0|0|0|0|0|0|0|0|0|0|0|0|0|0|0|0|0|0,parent-copy,false,8.4847023999999998,2,3,15677,passed,
stage1__moderate_seed3301__f0__300s,3,1,2,2,3,0,0.012288138166186287,0.0061440690830931437,0.038721280971620434,7,0,0.0061440690830931437,0.038721280971620434,0,0,0,0,0|0|0|0|0|0|0|0|0|0|0|0|0|0|0|0|0|0|0|0,8,0.0061440690830931437,0.012288138166186287,0.038721280971620434,0.0061440690830931437,0,0.0061440690830931437,0,0|0|0|0|0|0|0|0|0|0|0|0|0|0|0|0|0|0|0|0,parent-copy,false,8.6065284999999996,3,4,25539,passed,
stage1__moderate_seed3301__f0__300s,8,3,3,3,4,0.0061440690830931437,0.012288138166186287,0.0092161036246397147,0.040653623110034766,9,0.0061440690830931437,0.0092161036246397147,0.040653623110034766,0.0061440690830931437,0,0.0061440690830931437,0,0|0|0|0|0|0|0|0|0|0|0|0|0|0|0|0|0|0|0|0,10,0.0092161036246397147,0.012288138166186287,0.040653623110034766,0.0092161036246397147,0,0.0092161036246397147,0,0|0|0|0|0|0|0|0|0|0|0|0|0|0|0|0|0|0|0|0,parent-copy,false,8.7422333000000005,5,4,26052,passed,
stage1__moderate_seed3301__f0__300s,9,8,4,4,5,0.0061440690830931437,0.0092161036246397147,0.0076800863538664292,0.043826938505476344,11,0.0061440690830931437,0.0076800863538664292,0.043826938505476344,0.0061440690830931437,0,0.0061440690830931437,0,0|0|0|0|0|0|0|0|0|0|0|0|0|0|0|0|0|0|0|0,12,0.0076800863538664292,0.0092161036246397147,0.043826938505476344,0.0076800863538664292,0,0.0076800863538664292,0,0|0|0|0|0|0|0|0|0|0|0|0|0|0|0|0|0|0|0|0,parent-copy,false,9.0387360000000001,6,5,26180,passed,
stage1__moderate_seed3301__f0__300s,10,8,4,4,5,0.0092161036246397147,0.012288138166186287,0.010752120895413001,0.042011521028346141,13,0.0092161036246397147,0.010752120895413001,0.042011521028346141,0.0092161036246397147,0,0.0092161036246397147,0,0|0|0|0|0|0|0|0|0|0|0|0|0|0|0|0|0|0|0|0,14,0.010752120895413001,0.012288138166186287,0.042011521028346141,0.010752120895413001,0,0.010752120895413001,0,0|0|0|0|0|0|0|0|0|0|0|0|0|0|0|0|0|0|0|0,parent-copy,false,9.3346239999999998,7,6,27585,passed,
stage1__moderate_seed3301__f0__300s,12,9,5,5,6,0.0076800863538664292,0.0092161036246397147,0.0084480949892530716,0.04435141290862691,15,0.0076800863538664292,0.0084480949892530716,0.04435141290862691,0.0076800863538664292,0,0.0076800863538664292,0,0|0|0|0|0|0|0|0|0|0|0|0|0|0|0|0|0|0|0|0,16,0.0084480949892530716,0.0092161036246397147,0.04435141290862691,0.0084480949892530716,0,0.0084480949892530716,0,0|0|0|0|0|0|0|0|0|0|0|0|0|0|0|0|0|0|0|0,parent-copy,false,9.4934911999999994,9,6,29252,passed,
stage1__moderate_seed3301__f0__300s,15,12,6,6,7,0.0076800863538664292,0.0084480949892530716,0.00806409067155975,0.045155217975596684,17,0.0076800863538664292,0.00806409067155975,0.045155217975596684,0.0076800863538664292,0,0.0076800863538664292,0,0|0|0|0|0|0|0|0|0|0|0|0|0|0|0|0|0|0|0|0,18,0.00806409067155975,0.0084480949892530716,0.045155217975596684,0.00806409067155975,0,0.00806409067155975,0,0|0|0|0|0|0|0|0|0|0|0|0|0|0|0|0|0|0|0|0,parent-copy,false,9.5865811999999995,10,7,29384,passed,
stage1__moderate_seed3301__f0__300s,16,12,6,6,7,0.0084480949892530716,0.0092161036246397147,0.0088320993069463932,0.044613247232431701,19,0.0084480949892530716,0.0088320993069463932,0.044613247232431701,0.0084480949892530716,0,0.0084480949892530716,0,0|0|0|0|0|0|0|0|0|0|0|0|0|0|0|0|0|0|0|0,20,0.0088320993069463932,0.0092161036246397147,0.044613247232431701,0.0088320993069463932,0,0.0088320993069463932,0,0|0|0|0|0|0|0|0|0|0|0|0|0|0|0|0|0|0|0|0,parent-copy,false,9.6966625999999998,11,8,29504,passed,
stage1__moderate_seed3301__f0__300s,17,15,7,7,8,0.0076800863538664292,0.00806409067155975,0.00787208851271309,0.045557367407435823,21,0.0076800863538664292,0.00787208851271309,0.045557367407435823,0.0076800863538664292,0,0.0076800863538664292,0,0|0|0|0|0|0|0|0|0|0|0|0|0|0|0|0|0|0|0|0,22,0.00787208851271309,0.00806409067155975,0.045557367407435823,0.00787208851271309,0,0.00787208851271309,0,0|0|0|0|0|0|0|0|0|0|0|0|0|0|0|0|0|0|0|0,parent-copy,false,9.9911850999999992,12,9,29661,passed,
stage1__moderate_seed3301__f0__300s,18,15,7,7,8,0.00806409067155975,0.0084480949892530716,0.0082560928304064099,0.045286632261083426,23,0.00806409067155975,0.0082560928304064099,0.045286632261083426,0.00806409067155975,0,0.00806409067155975,0,0|0|0|0|0|0|0|0|0|0|0|0|0|0|0|0|0|0|0|0,24,0.0082560928304064099,0.0084480949892530716,0.045286632261083426,0.0082560928304064099,0,0.0082560928304064099,0,0|0|0|0|0|0|0|0|0|0|0|0|0|0|0|0|0|0|0|0,parent-copy,false,10.0793067,13,10,29762,passed,
stage1__moderate_seed3301__f0__300s,22,17,8,8,9,0.00787208851271309,0.00806409067155975,0.0079680895921364209,0.045623198876943771,25,0.00787208851271309,0.0079680895921364209,0.045623198876943771,0.00787208851271309,0,0.00787208851271309,0,0|0|0|0|0|0|0|0|0|0|0|0|0|0|0|0|0|0|0|0,26,0.0079680895921364209,0.00806409067155975,0.045623198876943771,0.0079680895921364209,0,0.0079680895921364209,0,0|0|0|0|0|0|0|0|0|0|0|0|0|0|0|0|0|0|0|0,parent-copy,false,10.260563400000001,15,10,30123,passed,
stage1__moderate_seed3301__f0__300s,4,1,2,2,3,0.012288138166186287,0.024576276332372575,0.018432207249279429,0.041581847768088584,33,0.012288138166186287,0.018432207249279429,0.041581847768088584,0.012288138166186287,0,0.012288138166186287,0,0|0|0|0|0|0|0|0|0|0|0|0|0|0|0|0|0|0|0|0,34,0.018432207249279429,0.024576276332372575,0.041581847768088584,0.018432207249279429,0,0.018432207249279429,0,0|0|0|0|0|0|0|0|0|0|0|0|0|0|0|0|0|0|0|0,parent-copy,false,12.1974334,21,12,32308,passed,
stage1__moderate_seed3301__f0__300s,33,4,3,3,4,0.012288138166186287,0.018432207249279429,0.015360172707732858,0.042142465670245502,35,0.012288138166186287,0.015360172707732858,0.042142465670245502,0.012288138166186287,0,0.012288138166186287,0,0|0|0|0|0|0|0|0|0|0|0|0|0|0|0|0|0|0|0|0,36,0.015360172707732858,0.018432207249279429,0.042142465670245502,0.015360172707732858,0,0.015360172707732858,0,0|0|0|0|0|0|0|0|0|0|0|0|0|0|0|0|0|0|0|0,parent-copy,false,12.281692400000001,22,13,32791,passed,
stage1__moderate_seed3301__f0__300s,34,4,3,3,4,0.018432207249279429,0.024576276332372575,0.021504241790826002,0.044735355905168479,37,0.018432207249279429,0.021504241790826002,0.044735355905168479,0.018432207249279429,0,0.018432207249279429,0,0|0|0|0|0|0|0|0|0|0|0|0|0|0|0|0|0|0|0|0,38,0.021504241790826002,0.024576276332372575,0.044735355905168479,0.021504241790826002,0,0.021504241790826002,0,0|0|0|0|0|0|0|0|0|0|0|0|0|0|0|0|0|0|0|0,parent-copy,false,12.4185398,23,14,32915,passed,
stage1__moderate_seed3301__f0__300s,35,33,4,4,5,0.012288138166186287,0.015360172707732858,0.013824155436959574,0.042655750454366287,39,0.012288138166186287,0.013824155436959574,0.042655750454366287,0.012288138166186287,0,0.012288138166186287,0,0|0|0|0|0|0|0|0|0|0|0|0|0|0|0|0|0|0|0|0,40,0.013824155436959574,0.015360172707732858,0.042655750454366287,0.013824155436959574,0,0.013824155436959574,0,0|0|0|0|0|0|0|0|0|0|0|0|0|0|0|0|0|0|0|0,parent-copy,false,12.504250499999999,24,15,33381,passed,
stage1__moderate_seed3301__f0__300s,36,33,4,4,5,0.015360172707732858,0.018432207249279429,0.016896189978506143,0.043639774368304539,41,0.015360172707732858,0.016896189978506143,0.043639774368304539,0.015360172707732858,0,0.015360172707732858,0,0|0|0|0|0|0|0|0|0|0|0|0|0|0|0|0|0|0|0|0,42,0.016896189978506143,0.018432207249279429,0.043639774368304539,0.016896189978506143,0,0.016896189978506143,0,0|0|0|0|0|0|0|0|0|0|0|0|0|0|0|0|0|0|0|0,parent-copy,false,12.5938059,25,16,33486,passed,
stage1__moderate_seed3301__f0__300s,39,35,5,5,6,0.012288138166186287,0.013824155436959574,0.013056146801572931,0.043053443368472388,43,0.012288138166186287,0.013056146801572931,0.043053443368472388,0.012288138166186287,0,0.012288138166186287,0,0|0|0|0|0|0|0|0|0|0|0|0|0|0|0|0|0|0|0|0,44,0.013056146801572931,0.013824155436959574,0.043053443368472388,0.013056146801572931,0,0.013056146801572931,0,0|0|0|0|0|0|0|0|0|0|0|0|0|0|0|0|0|0|0|0,parent-copy,false,12.681829499999999,26,17,33613,passed,
stage1__moderate_seed3301__f0__300s,40,35,5,5,6,0.013824155436959574,0.015360172707732858,0.014592164072346217,0.043402331507816874,45,0.013824155436959574,0.014592164072346217,0.043402331507816874,0.013824155436959574,0,0.013824155436959574,0,0|0|0|0|0|0|0|0|0|0|0|0|0|0|0|0|0|0|0|0,46,0.014592164072346217,0.015360172707732858,0.043402331507816874,0.014592164072346217,0,0.014592164072346217,0,0|0|0|0|0|0|0|0|0|0|0|0|0|0|0|0|0|0|0|0,parent-copy,false,12.7767357,27,18,33709,passed,
stage1__moderate_seed3301__f0__300s,43,39,6,6,7,0.012288138166186287,0.013056146801572931,0.012672142483879609,0.043251042850661982,47,0.012288138166186287,0.012672142483879609,0.043251042850661982,0.012288138166186287,0,0.012288138166186287,0,0|0|0|0|0|0|0|0|0|0|0|0|0|0|0|0|0|0|0|0,48,0.012672142483879609,0.013056146801572931,0.043251042850661982,0.012672142483879609,0,0.012672142483879609,0,0|0|0|0|0|0|0|0|0|0|0|0|0|0|0|0|0|0|0|0,parent-copy,false,12.866593099999999,28,19,33840,passed,
stage1__moderate_seed3301__f0__300s,47,43,7,7,8,0.012288138166186287,0.012672142483879609,0.012480140325032949,0.043349531379188136,49,0.012288138166186287,0.012480140325032949,0.043349531379188136,0.012288138166186287,0,0.012288138166186287,0,0|0|0|0|0|0|0|0|0|0|0|0|0|0|0|0|0|0|0|0,50,0.012480140325032949,0.012672142483879609,0.043349531379188136,0.012480140325032949,0,0.012480140325032949,0,0|0|0|0|0|0|0|0|0|0|0|0|0|0|0|0|0|0|0|0,parent-copy,false,12.949560999999999,29,20,33934,passed,
stage1__moderate_seed3301__f0__300s,48,43,7,7,8,0.012672142483879609,0.013056146801572931,0.012864144642726269,0.043430709569897127,51,0.012672142483879609,0.012864144642726269,0.043430709569897127,0.012672142483879609,0,0.012672142483879609,0,0|0|0|0|0|0|0|0|0|0|0|0|0|0|0|0|0|0|0|0,52,0.012864144642726269,0.013056146801572931,0.043430709569897127,0.012864144642726269,0,0.012864144642726269,0,0|0|0|0|0|0|0|0|0|0|0|0|0|0|0|0|0|0|0|0,parent-copy,false,13.040054100000001,30,21,34023,passed,
stage1__moderate_seed3301__f0__300s,51,48,8,8,9,0.012672142483879609,0.012864144642726269,0.012768143563302938,0.043479968719249959,53,0.012672142483879609,0.012768143563302938,0.043479968719249959,0.012672142483879609,0,0.012672142483879609,0,0|0|0|0|0|0|0|0|0|0|0|0|0|0|0|0|0|0|0|0,54,0.012768143563302938,0.012864144642726269,0.043479968719249959,0.012768143563302938,0,0.012768143563302938,0,0|0|0|0|0|0|0|0|0|0|0|0|0|0|0|0|0|0|0|0,parent-copy,false,13.1305424,31,22,34129,passed,
stage1__moderate_seed3301__f0__300s,14,10,5,5,6,0.010752120895413001,0.012288138166186287,0.011520129530799644,0.042729513667656607,81,0.010752120895413001,0.011520129530799644,0.042729513667656607,0.010752120895413001,0,0.010752120895413001,0,0|0|0|0|0|0|0|0|0|0|0|0|0|0|0|0|0|0|0|0,82,0.011520129530799644,0.012288138166186287,0.042729513667656607,0.011520129530799644,0,0.011520129530799644,0,0|0|0|0|0|0|0|0|0|0|0|0|0|0|0|0|0|0|0|0,parent-copy,false,15.706577100000001,48,33,38335,passed,
stage1__moderate_seed3301__f0__300s,81,14,6,6,7,0.010752120895413001,0.011520129530799644,0.011136125213106323,0.042978532057614274,83,0.010752120895413001,0.011136125213106323,0.042978532057614274,0.010752120895413001,0,0.010752120895413001,0,0|0|0|0|0|0|0|0|0|0|0|0|0|0|0|0|0|0|0|0,84,0.011136125213106323,0.011520129530799644,0.042978532057614274,0.011136125213106323,0,0.011136125213106323,0,0|0|0|0|0|0|0|0|0|0|0|0|0|0|0|0|0|0|0|0,parent-copy,false,15.810807,49,34,38463,passed,
stage1__moderate_seed3301__f0__300s,83,81,7,7,8,0.010752120895413001,0.011136125213106323,0.010944123054259663,0.043381217950257539,85,0.010752120895413001,0.010944123054259663,0.043381217950257539,0.010752120895413001,0,0.010752120895413001,0,0|0|0|0|0|0|0|0|0|0|0|0|0|0|0|0|0|0|0|0,86,0.010944123054259663,0.011136125213106323,0.043381217950257539,0.010944123054259663,0,0.010944123054259663,0,0|0|0|0|0|0|0|0|0|0|0|0|0|0|0|0|0|0|0|0,parent-copy,false,15.892332,50,35,38701,passed,
stage1__moderate_seed3301__f0__300s,84,81,7,7,8,0.011136125213106323,0.011520129530799644,0.011328127371952983,0.043108698517011546,87,0.011136125213106323,0.011328127371952983,0.043108698517011546,0.011136125213106323,0,0.011136125213106323,0,0|0|0|0|0|0|0|0|0|0|0|0|0|0|0|0|0|0|0|0,88,0.011328127371952983,0.011520129530799644,0.043108698517011546,0.011328127371952983,0,0.011328127371952983,0,0|0|0|0|0|0|0|0|0|0|0|0|0|0|0|0|0|0|0|0,parent-copy,false,16.0035478,51,36,38822,passed,
stage1__moderate_seed3301__f0__300s,87,84,8,8,9,0.011136125213106323,0.011328127371952983,0.011232126292529652,0.043308983716858193,89,0.011136125213106323,0.011232126292529652,0.043308983716858193,0.011136125213106323,0,0.011136125213106323,0,0|0|0|0|0|0|0|0|0|0|0|0|0|0|0|0|0|0|0|0,90,0.011232126292529652,0.011328127371952983,0.043308983716858193,0.011232126292529652,0,0.011232126292529652,0,0|0|0|0|0|0|0|0|0|0|0|0|0|0|0|0|0|0|0|0,parent-copy,false,16.0853605,52,37,38937,passed,
stage1__moderate_seed3301__f0__300s,88,84,8,8,9,0.011328127371952983,0.011520129530799644,0.011424128451376313,0.043194891313194123,91,0.011328127371952983,0.011424128451376313,0.043194891313194123,0.011328127371952983,0,0.011328127371952983,0,0|0|0|0|0|0|0|0|0|0|0|0|0|0|0|0|0|0|0|0,92,0.011424128451376313,0.011520129530799644,0.043194891313194123,0.011424128451376313,0,0.011424128451376313,0,0|0|0|0|0|0|0|0|0|0|0|0|0|0|0|0|0|0|0|0,parent-copy,false,16.183354699999999,53,38,39086,passed,
stage1__moderate_seed3301__f0__300s,13,10,5,5,6,0.0092161036246397147,0.010752120895413001,0.0099841122600263579,0.043265469724107802,99,0.0092161036246397147,0.0099841122600263579,0.043265469724107802,0.0092161036246397147,0,0.0092161036246397147,0,0|0|0|0|0|0|0|0|0|0|0|0|0|0|0|0|0|0|0|0,100,0.0099841122600263579,0.010752120895413001,0.043265469724107802,0.0099841122600263579,0,0.0099841122600263579,0,0|0|0|0|0|0|0|0|0|0|0|0|0|0|0|0|0|0|0|0,parent-copy,false,17.168593300000001,59,40,40062,passed,
stage1__moderate_seed3301__f0__300s,99,13,6,6,7,0.0092161036246397147,0.0099841122600263579,0.0096001079423330363,0.044069810973069334,101,0.0092161036246397147,0.0096001079423330363,0.044069810973069334,0.0092161036246397147,0,0.0092161036246397147,0,0|0|0|0|0|0|0|0|0|0|0|0|0|0|0|0|0|0|0|0,102,0.0096001079423330363,0.0099841122600263579,0.044069810973069334,0.0096001079423330363,0,0.0096001079423330363,0,0|0|0|0|0|0|0|0|0|0|0|0|0|0|0|0|0|0|0|0,parent-copy,false,17.250396200000001,60,41,40262,passed,
stage1__moderate_seed3301__f0__300s,101,99,7,7,8,0.0092161036246397147,0.0096001079423330363,0.0094081057834863764,0.044472228937053215,103,0.0092161036246397147,0.0094081057834863764,0.044472228937053215,0.0092161036246397147,0,0.0092161036246397147,0,0|0|0|0|0|0|0|0|0|0|0|0|0|0|0|0|0|0|0|0,104,0.0094081057834863764,0.0096001079423330363,0.044472228937053215,0.0094081057834863764,0,0.0094081057834863764,0,0|0|0|0|0|0|0|0|0|0|0|0|0|0|0|0|0|0|0|0,parent-copy,false,17.3365872,61,42,40384,passed,
stage1__moderate_seed3301__f0__300s,103,101,8,8,9,0.0092161036246397147,0.0094081057834863764,0.0093121047040630456,0.044673499798293076,105,0.0092161036246397147,0.0093121047040630456,0.044673499798293076,0.0092161036246397147,0,0.0092161036246397147,0,0|0|0|0|0|0|0|0|0|0|0|0|0|0|0|0|0|0|0|0,106,0.0093121047040630456,0.0094081057834863764,0.044673499798293076,0.0093121047040630456,0,0.0093121047040630456,0,0|0|0|0|0|0|0|0|0|0|0|0|0|0|0|0|0|0|0|0,parent-copy,false,17.4356221,62,43,40502,passed,
stage1__moderate_seed3301__f0__300s,82,14,6,6,7,0.011520129530799644,0.012288138166186287,0.011904133848492966,0.043088624861458057,109,0.011520129530799644,0.011904133848492966,0.043088624861458057,0.011520129530799644,0,0.011520129530799644,0,0|0|0|0|0|0|0|0|0|0|0|0|0|0|0|0|0|0|0|0,110,0.011904133848492966,0.012288138166186287,0.043088624861458057,0.011904133848492966,0,0.011904133848492966,0,0|0|0|0|0|0|0|0|0|0|0|0|0|0|0|0|0|0|0|0,parent-copy,false,18.576361800000001,66,43,42740,passed,
stage1__moderate_seed3301__f0__300s,109,82,7,7,8,0.011520129530799644,0.011904133848492966,0.011712131689646306,0.043186743062370761,111,0.011520129530799644,0.011712131689646306,0.043186743062370761,0.011520129530799644,0,0.011520129530799644,0,0|0|0|0|0|0|0|0|0|0|0|0|0|0|0|0|0|0|0|0,112,0.011712131689646306,0.011904133848492966,0.043186743062370761,0.011712131689646306,0,0.011712131689646306,0,0|0|0|0|0|0|0|0|0|0|0|0|0|0|0|0|0|0|0|0,parent-copy,false,18.6617596,67,44,42855,passed,
stage1__moderate_seed3301__f0__300s,111,109,8,8,9,0.011520129530799644,0.011712131689646306,0.011616130610222975,0.043235724530475021,113,0.011520129530799644,0.011616130610222975,0.043235724530475021,0.011520129530799644,0,0.011520129530799644,0,0|0|0|0|0|0|0|0|0|0|0|0|0|0|0|0|0|0|0|0,114,0.011616130610222975,0.011712131689646306,0.043235724530475021,0.011616130610222975,0,0.011616130610222975,0,0|0|0|0|0|0|0|0|0|0|0|0|0|0|0|0|0|0|0|0,parent-copy,false,18.749994600000001,68,45,42941,passed,
stage1__moderate_seed3301__f0__300s,44,39,6,6,7,0.013056146801572931,0.013824155436959574,0.013440151119266252,0.043412884296086071,121,0.013056146801572931,0.013440151119266252,0.043412884296086071,0.013056146801572931,0,0.013056146801572931,0,0|0|0|0|0|0|0|0|0|0|0|0|0|0|0|0|0|0|0|0,122,0.013440151119266252,0.013824155436959574,0.043412884296086071,0.013440151119266252,0,0.013440151119266252,0,0|0|0|0|0|0|0|0|0|0|0|0|0|0|0|0|0|0|0|0,parent-copy,false,19.3463295,74,47,43481,passed,
stage1__moderate_seed3301__f0__300s,121,44,7,7,8,0.013056146801572931,0.013440151119266252,0.013248148960419592,0.043511743645101825,123,0.013056146801572931,0.013248148960419592,0.043511743645101825,0.013056146801572931,0,0.013056146801572931,0,0|0|0|0|0|0|0|0|0|0|0|0|0|0|0|0|0|0|0|0,124,0.013248148960419592,0.013440151119266252,0.043511743645101825,0.013248148960419592,0,0.013248148960419592,0,0|0|0|0|0|0|0|0|0|0|0|0|0|0|0|0|0|0|0|0,parent-copy,false,19.435928100000002,75,48,43586,passed,
stage1__moderate_seed3301__f0__300s,123,121,8,8,9,0.013056146801572931,0.013248148960419592,0.013152147880996262,0.043561095478031872,125,0.013056146801572931,0.013152147880996262,0.043561095478031872,0.013056146801572931,0,0.013056146801572931,0,0|0|0|0|0|0|0|0|0|0|0|0|0|0|0|0|0|0|0|0,126,0.013152147880996262,0.013248148960419592,0.043561095478031872,0.013152147880996262,0,0.013152147880996262,0,0|0|0|0|0|0|0|0|0|0|0|0|0|0|0|0|0|0|0|0,parent-copy,false,19.523813199999999,76,49,43668,passed,
stage1__moderate_seed3301__f0__300s,124,121,8,8,9,0.013248148960419592,0.013440151119266252,0.013344150039842923,0.043601604805079998,127,0.013248148960419592,0.013344150039842923,0.043601604805079998,0.013248148960419592,0,0.013248148960419592,0,0|0|0|0|0|0|0|0|0|0|0|0|0|0|0|0|0|0|0|0,128,0.013344150039842923,0.013440151119266252,0.043601604805079998,0.013344150039842923,0,0.013344150039842923,0,0|0|0|0|0|0|0|0|0|0|0|0|0|0|0|0|0|0|0|0,parent-copy,false,19.6176104,77,50,43745,passed,
stage1__moderate_seed3301__f0__300s,110,82,7,7,8,0.011904133848492966,0.012288138166186287,0.012096136007339626,0.043268209175777103,143,0.011904133848492966,0.012096136007339626,0.043268209175777103,0.011904133848492966,0,0.011904133848492966,0,0|0|0|0|0|0|0|0|0|0|0|0|0|0|0|0|0|0|0|0,144,0.012096136007339626,0.012288138166186287,0.043268209175777103,0.012096136007339626,0,0.012096136007339626,0,0|0|0|0|0|0|0|0|0|0|0|0|0|0|0|0|0|0|0|0,parent-copy,false,20.144091899999999,87,56,44287,passed,
stage1__moderate_seed3301__f0__300s,143,110,8,8,9,0.011904133848492966,0.012096136007339626,0.012000134927916295,0.043317283142772556,145,0.011904133848492966,0.012000134927916295,0.043317283142772556,0.011904133848492966,0,0.011904133848492966,0,0|0|0|0|0|0|0|0|0|0|0|0|0|0|0|0|0|0|0|0,146,0.012000134927916295,0.012096136007339626,0.043317283142772556,0.012000134927916295,0,0.012000134927916295,0,0|0|0|0|0|0|0|0|0|0|0|0|0|0|0|0|0|0|0|0,parent-copy,false,20.235689000000001,88,57,44404,passed,
stage1__moderate_seed3301__f0__300s,112,109,8,8,9,0.011712131689646306,0.011904133848492966,0.011808132769069637,0.043276521811273276,155,0.011712131689646306,0.011808132769069637,0.043276521811273276,0.011712131689646306,0,0.011712131689646306,0,0|0|0|0|0|0|0|0|0|0|0|0|0|0|0|0|0|0|0|0,156,0.011808132769069637,0.011904133848492966,0.043276521811273276,0.011808132769069637,0,0.011808132769069637,0,0|0|0|0|0|0|0|0|0|0|0|0|0|0|0|0|0|0|0|0,parent-copy,false,20.955772499999998,95,60,45152,passed,
stage1__moderate_seed3301__f0__300s,100,13,6,6,7,0.0099841122600263579,0.010752120895413001,0.01036811657771968,0.043524906736853233,171,0.0099841122600263579,0.01036811657771968,0.043524906736853233,0.0099841122600263579,0,0.0099841122600263579,0,0|0|0|0|0|0|0|0|0|0|0|0|0|0|0|0|0|0|0|0,172,0.01036811657771968,0.010752120895413001,0.043524906736853233,0.01036811657771968,0,0.01036811657771968,0,0|0|0|0|0|0|0|0|0|0|0|0|0|0|0|0|0|0|0|0,parent-copy,false,22.969157200000001,111,60,49790,passed,
stage1__moderate_seed3301__f0__300s,171,100,7,7,8,0.0099841122600263579,0.01036811657771968,0.01017611441887302,0.043927458740983624,173,0.0099841122600263579,0.01017611441887302,0.043927458740983624,0.0099841122600263579,0,0.0099841122600263579,0,0|0|0|0|0|0|0|0|0|0|0|0|0|0|0|0|0|0|0|0,174,0.01017611441887302,0.01036811657771968,0.043927458740983624,0.01017611441887302,0,0.01017611441887302,0,0|0|0|0|0|0|0|0|0|0|0|0|0|0|0|0|0|0|0|0,parent-copy,false,23.0687636,112,61,49883,passed,
stage1__moderate_seed3301__f0__300s,173,171,8,8,9,0.0099841122600263579,0.01017611441887302,0.010080113339449689,0.04412879667756027,175,0.0099841122600263579,0.010080113339449689,0.04412879667756027,0.0099841122600263579,0,0.0099841122600263579,0,0|0|0|0|0|0|0|0|0|0|0|0|0|0|0|0|0|0|0|0,176,0.010080113339449689,0.01017611441887302,0.04412879667756027,0.010080113339449689,0,0.010080113339449689,0,0|0|0|0|0|0|0|0|0|0|0|0|0|0|0|0|0|0|0|0,parent-copy,false,23.166829,113,62,49999,passed,
stage1__moderate_seed3301__f0__300s,144,110,8,8,9,0.012096136007339626,0.012288138166186287,0.012192137086762957,0.043358008512151158,181,0.012096136007339626,0.012192137086762957,0.043358008512151158,0.012096136007339626,0,0.012096136007339626,0,0|0|0|0|0|0|0|0|0|0|0|0|0|0|0|0|0|0|0|0,182,0.012192137086762957,0.012288138166186287,0.043358008512151158,0.012192137086762957,0,0.012192137086762957,0,0|0|0|0|0|0|0|0|0|0|0|0|0|0|0|0|0|0|0|0,parent-copy,false,24.033335999999998,120,61,50677,passed,
stage1__moderate_seed3301__f0__300s,49,47,8,8,9,0.012288138166186287,0.012480140325032949,0.012384139245609618,0.043398697906580838,203,0.012288138166186287,0.012384139245609618,0.043398697906580838,0.012288138166186287,0,0.012288138166186287,0,0|0|0|0|0|0|0|0|0|0|0|0|0|0|0|0|0|0|0|0,204,0.012384139245609618,0.012480140325032949,0.043398697906580838,0.012384139245609618,0,0.012384139245609618,0,0|0|0|0|0|0|0|0|0|0|0|0|0|0|0|0|0|0|0|0,parent-copy,false,27.324282400000001,145,58,55087,passed,
stage1__moderate_seed3301__f0__300s,50,47,8,8,9,0.012480140325032949,0.012672142483879609,0.01257614140445628,0.043439351313227133,213,0.012480140325032949,0.01257614140445628,0.043439351313227133,0.012480140325032949,0,0.012480140325032949,0,0|0|0|0|0|0|0|0|0|0|0|0|0|0|0|0|0|0|0|0,214,0.01257614140445628,0.012672142483879609,0.043439351313227133,0.01257614140445628,0,0.01257614140445628,0,0|0|0|0|0|0|0|0|0|0|0|0|0|0|0|0|0|0|0|0,parent-copy,false,27.794794400000001,152,61,55625,passed,
stage1__moderate_seed3301__f0__300s,86,83,8,8,9,0.010944123054259663,0.011136125213106323,0.011040124133682994,0.043445849356687591,225,0.010944123054259663,0.011040124133682994,0.043445849356687591,0.010944123054259663,0,0.010944123054259663,0,0|0|0|0|0|0|0|0|0|0|0|0|0|0|0|0|0|0|0|0,226,0.011040124133682994,0.011136125213106323,0.043445849356687591,0.011040124133682994,0,0.011040124133682994,0,0|0|0|0|0|0|0|0|0|0|0|0|0|0|0|0|0|0|0|0,parent-copy,false,28.757721400000001,162,63,56573,passed,
stage1__moderate_seed3301__f0__300s,85,83,8,8,9,0.010752120895413001,0.010944123054259663,0.010848121974836332,0.043582622886397221,229,0.010752120895413001,0.010848121974836332,0.043582622886397221,0.010752120895413001,0,0.010752120895413001,0,0|0|0|0|0|0|0|0|0|0|0|0|0|0|0|0|0|0|0|0,230,0.010848121974836332,0.010944123054259663,0.043582622886397221,0.010848121974836332,0,0.010848121974836332,0,0|0|0|0|0|0|0|0|0|0|0|0|0|0|0|0|0|0|0|0,parent-copy,false,29.149593100000001,166,63,56845,passed,
stage1__moderate_seed3301__f0__300s,46,40,6,6,7,0.014592164072346217,0.015360172707732858,0.014976168390039537,0.043777539583386371,237,0.014592164072346217,0.014976168390039537,0.043777539583386371,0.014592164072346217,0,0.014592164072346217,0,0|0|0|0|0|0|0|0|0|0|0|0|0|0|0|0|0|0|0|0,238,0.014976168390039537,0.015360172707732858,0.043777539583386371,0.014976168390039537,0,0.014976168390039537,0,0|0|0|0|0|0|0|0|0|0|0|0|0|0|0|0|0|0|0|0,parent-copy,false,30.089764299999999,174,63,57470,passed,
stage1__moderate_seed3301__f0__300s,237,46,7,7,8,0.014592164072346217,0.014976168390039537,0.014784166231192877,0.043841754138727262,239,0.014592164072346217,0.014784166231192877,0.043841754138727262,0.014592164072346217,0,0.014592164072346217,0,0|0|0|0|0|0|0|0|0|0|0|0|0|0|0|0|0|0|0|0,240,0.014784166231192877,0.014976168390039537,0.043841754138727262,0.014784166231192877,0,0.014784166231192877,0,0|0|0|0|0|0|0|0|0|0|0|0|0|0|0|0|0|0|0|0,parent-copy,false,30.171422499999998,175,64,57586,passed,
stage1__moderate_seed3301__f0__300s,239,237,8,8,9,0.014592164072346217,0.014784166231192877,0.014688165151769548,0.043884159915919756,241,0.014592164072346217,0.014688165151769548,0.043884159915919756,0.014592164072346217,0,0.014592164072346217,0,0|0|0|0|0|0|0|0|0|0|0|0|0|0|0|0|0|0|0|0,242,0.014688165151769548,0.014784166231192877,0.043884159915919756,0.014688165151769548,0,0.014688165151769548,0,0|0|0|0|0|0|0|0|0|0|0|0|0|0|0|0|0|0|0|0,parent-copy,false,30.251784700000002,176,65,57663,passed,
stage1__moderate_seed3301__f0__300s,240,237,8,8,9,0.014784166231192877,0.014976168390039537,0.014880167310616206,0.043935567623288485,243,0.014784166231192877,0.014880167310616206,0.043935567623288485,0.014784166231192877,0,0.014784166231192877,0,0|0|0|0|0|0|0|0|0|0|0|0|0|0|0|0|0|0|0|0,244,0.014880167310616206,0.014976168390039537,0.043935567623288485,0.014880167310616206,0,0.014880167310616206,0,0|0|0|0|0|0|0|0|0|0|0|0|0|0|0|0|0|0|0|0,parent-copy,false,30.345732900000002,177,66,57744,passed,
stage1__moderate_seed3301__f0__300s,45,40,6,6,7,0.013824155436959574,0.014592164072346217,0.014208159754652895,0.043574148374003557,271,0.013824155436959574,0.014208159754652895,0.043574148374003557,0.013824155436959574,0,0.013824155436959574,0,0|0|0|0|0|0|0|0|0|0|0|0|0|0|0|0|0|0|0|0,272,0.014208159754652895,0.014592164072346217,0.043574148374003557,0.014208159754652895,0,0.014208159754652895,0,0|0|0|0|0|0|0|0|0|0|0|0|0|0|0|0|0|0|0|0,parent-copy,false,31.298955100000001,196,75,59443,passed,
stage1__moderate_seed3301__f0__300s,271,45,7,7,8,0.013824155436959574,0.014208159754652895,0.014016157595806236,0.043673379037289239,273,0.013824155436959574,0.014016157595806236,0.043673379037289239,0.013824155436959574,0,0.013824155436959574,0,0|0|0|0|0|0|0|0|0|0|0|0|0|0|0|0|0|0|0|0,274,0.014016157595806236,0.014208159754652895,0.043673379037289239,0.014016157595806236,0,0.014016157595806236,0,0|0|0|0|0|0|0|0|0|0|0|0|0|0|0|0|0|0|0|0,parent-copy,false,31.3896482,197,76,59525,passed,
stage1__moderate_seed3301__f0__300s,273,271,8,8,9,0.013824155436959574,0.014016157595806236,0.013920156516382905,0.043722916422457167,275,0.013824155436959574,0.013920156516382905,0.043722916422457167,0.013824155436959574,0,0.013824155436959574,0,0|0|0|0|0|0|0|0|0|0|0|0|0|0|0|0|0|0|0|0,276,0.013920156516382905,0.014016157595806236,0.043722916422457167,0.013920156516382905,0,0.013920156516382905,0,0|0|0|0|0|0|0|0|0|0|0|0|0|0|0|0|0|0|0|0,parent-copy,false,31.483496200000001,198,77,59609,passed,
stage1__moderate_seed3301__f0__300s,122,44,7,7,8,0.013440151119266252,0.013824155436959574,0.013632153278112912,0.043592633501899208,293,0.013440151119266252,0.013632153278112912,0.043592633501899208,0.013440151119266252,0,0.013440151119266252,0,0|0|0|0|0|0|0|0|0|0|0|0|0|0|0|0|0|0|0|0,294,0.013632153278112912,0.013824155436959574,0.043592633501899208,0.013632153278112912,0,0.013632153278112912,0,0|0|0|0|0|0|0|0|0|0|0|0|0|0|0|0|0|0|0|0,parent-copy,false,31.915013699999999,209,84,59967,passed,
stage1__moderate_seed3301__f0__300s,293,122,8,8,9,0.013440151119266252,0.013632153278112912,0.013536152198689581,0.043642078080082247,295,0.013440151119266252,0.013536152198689581,0.043642078080082247,0.013440151119266252,0,0.013440151119266252,0,0|0|0|0|0|0|0|0|0|0|0|0|0|0|0|0|0|0|0|0,296,0.013536152198689581,0.013632153278112912,0.043642078080082247,0.013536152198689581,0,0.013536152198689581,0,0|0|0|0|0|0|0|0|0|0|0|0|0|0|0|0|0|0|0|0,parent-copy,false,32.002992399999997,210,85,60074,passed,
stage1__moderate_seed3301__f0__300s,52,48,8,8,9,0.012864144642726269,0.013056146801572931,0.0129601457221496,0.043520550111802225,321,0.012864144642726269,0.0129601457221496,0.043520550111802225,0.012864144642726269,0,0.012864144642726269,0,0|0|0|0|0|0|0|0|0|0|0|0|0|0|0|0|0|0|0|0,322,0.0129601457221496,0.013056146801572931,0.043520550111802225,0.0129601457221496,0,0.0129601457221496,0,0|0|0|0|0|0|0|0|0|0|0|0|0|0|0|0|0|0|0|0,parent-copy,false,33.5039886,230,91,61589,passed,
stage1__moderate_seed3301__f0__300s,172,100,7,7,8,0.01036811657771968,0.010752120895413001,0.010560118736566339,0.043654522324349659,349,0.01036811657771968,0.010560118736566339,0.043654522324349659,0.01036811657771968,0,0.01036811657771968,0,0|0|0|0|0|0|0|0|0|0|0|0|0|0|0|0|0|0|0|0,350,0.010560118736566339,0.010752120895413001,0.043654522324349659,0.010560118736566339,0,0.010560118736566339,0,0|0|0|0|0|0|0|0|0|0|0|0|0|0|0|0|0|0|0|0,parent-copy,false,35.5166684,258,91,63796,passed,
stage1__moderate_seed3301__f0__300s,349,172,8,8,9,0.01036811657771968,0.010560118736566339,0.010464117657143009,0.043855893770204518,351,0.01036811657771968,0.010464117657143009,0.043855893770204518,0.01036811657771968,0,0.01036811657771968,0,0|0|0|0|0|0|0|0|0|0|0|0|0|0|0|0|0|0|0|0,352,0.010464117657143009,0.010560118736566339,0.043855893770204518,0.010464117657143009,0,0.010464117657143009,0,0|0|0|0|0|0|0|0|0|0|0|0|0|0|0|0|0|0|0|0,parent-copy,false,35.607700700000002,259,92,63886,passed,
stage1__moderate_seed3301__f0__300s,272,45,7,7,8,0.014208159754652895,0.014592164072346217,0.014400161913499555,0.043753980148175331,371,0.014208159754652895,0.014400161913499555,0.043753980148175331,0.014208159754652895,0,0.014208159754652895,0,0|0|0|0|0|0|0|0|0|0|0|0|0|0|0|0|0|0|0|0,372,0.014400161913499555,0.014592164072346217,0.043753980148175331,0.014400161913499555,0,0.014400161913499555,0,0|0|0|0|0|0|0|0|0|0|0|0|0|0|0|0|0|0|0|0,parent-copy,false,38.404147000000002,279,92,68341,passed,
stage1__moderate_seed3301__f0__300s,371,272,8,8,9,0.014208159754652895,0.014400161913499555,0.014304160834076225,0.043803610402116361,373,0.014208159754652895,0.014304160834076225,0.043803610402116361,0.014208159754652895,0,0.014208159754652895,0,0|0|0|0|0|0|0|0|0|0|0|0|0|0|0|0|0|0|0|0,374,0.014304160834076225,0.014400161913499555,0.043803610402116361,0.014304160834076225,0,0.014304160834076225,0,0|0|0|0|0|0|0|0|0|0|0|0|0|0|0|0|0|0|0|0,parent-copy,false,38.487615099999999,280,93,68521,passed,
stage1__moderate_seed3301__f0__300s,294,122,8,8,9,0.013632153278112912,0.013824155436959574,0.013728154357536243,0.043682515290166715,395,0.013632153278112912,0.013728154357536243,0.043682515290166715,0.013632153278112912,0,0.013632153278112912,0,0|0|0|0|0|0|0|0|0|0|0|0|0|0|0|0|0|0|0|0,396,0.013728154357536243,0.013824155436959574,0.043682515290166715,0.013728154357536243,0,0.013728154357536243,0,0|0|0|0|0|0|0|0|0|0|0|0|0|0|0|0|0|0|0|0,parent-copy,false,39.561827100000002,296,99,69314,passed,
stage1__moderate_seed3301__f0__300s,41,36,5,5,6,0.015360172707732858,0.016896189978506143,0.0161281813431195,0.043895800375357584,427,0.015360172707732858,0.0161281813431195,0.043895800375357584,0.015360172707732858,0,0.015360172707732858,0,0|0|0|0|0|0|0|0|0|0|0|0|0|0|0|0|0|0|0|0,428,0.0161281813431195,0.016896189978506143,0.043895800375357584,0.0161281813431195,0,0.0161281813431195,0,0|0|0|0|0|0|0|0|0|0|0|0|0|0|0|0|0|0|0|0,parent-copy,false,42.035859500000001,322,105,71764,passed,
stage1__moderate_seed3301__f0__300s,427,41,6,6,7,0.015360172707732858,0.0161281813431195,0.01574417702542618,0.044024114978921419,429,0.015360172707732858,0.01574417702542618,0.044024114978921419,0.015360172707732858,0,0.015360172707732858,0,0|0|0|0|0|0|0|0|0|0|0|0|0|0|0|0|0|0|0|0,430,0.01574417702542618,0.0161281813431195,0.044024114978921419,0.01574417702542618,0,0.01574417702542618,0,0|0|0|0|0|0|0|0|0|0|0|0|0|0|0|0|0|0|0|0,parent-copy,false,42.116207899999999,323,106,72141,passed,
stage1__moderate_seed3301__f0__300s,429,427,7,7,8,0.015360172707732858,0.01574417702542618,0.015552174866579518,0.044088347743100477,431,0.015360172707732858,0.015552174866579518,0.044088347743100477,0.015360172707732858,0,0.015360172707732858,0,0|0|0|0|0|0|0|0|0|0|0|0|0|0|0|0|0|0|0|0,432,0.015552174866579518,0.01574417702542618,0.044088347743100477,0.015552174866579518,0,0.015552174866579518,0,0|0|0|0|0|0|0|0|0|0|0|0|0|0|0|0|0|0|0|0,parent-copy,false,42.200095599999997,324,107,72225,passed,
stage1__moderate_seed3301__f0__300s,431,429,8,8,9,0.015360172707732858,0.015552174866579518,0.015456173787156188,0.044120482998594418,433,0.015360172707732858,0.015456173787156188,0.044120482998594418,0.015360172707732858,0,0.015360172707732858,0,0|0|0|0|0|0|0|0|0|0|0|0|0|0|0|0|0|0|0|0,434,0.015456173787156188,0.015552174866579518,0.044120482998594418,0.015456173787156188,0,0.015456173787156188,0,0|0|0|0|0|0|0|0|0|0|0|0|0|0|0|0|0|0|0|0,parent-copy,false,42.281665199999999,325,108,72306,passed,
stage1__moderate_seed3301__f0__300s,432,429,8,8,9,0.015552174866579518,0.01574417702542618,0.015648175946002849,0.044182072550364701,435,0.015552174866579518,0.015648175946002849,0.044182072550364701,0.015552174866579518,0,0.015552174866579518,0,0|0|0|0|0|0|0|0|0|0|0|0|0|0|0|0|0|0|0|0,436,0.015648175946002849,0.01574417702542618,0.044182072550364701,0.015648175946002849,0,0.015648175946002849,0,0|0|0|0|0|0|0|0|0|0|0|0|0|0|0|0|0|0|0|0,parent-copy,false,42.378967099999997,326,109,72389,passed,
stage1__moderate_seed3301__f0__300s,42,36,5,5,6,0.016896189978506143,0.018432207249279429,0.017664198613892786,0.044387753696915118,471,0.016896189978506143,0.017664198613892786,0.044387753696915118,0.016896189978506143,0,0.016896189978506143,0,0|0|0|0|0|0|0|0|0|0|0|0|0|0|0|0|0|0|0|0,472,0.017664198613892786,0.018432207249279429,0.044387753696915118,0.017664198613892786,0,0.017664198613892786,0,0|0|0|0|0|0|0|0|0|0|0|0|0|0|0|0|0|0|0|0,parent-copy,false,46.121618900000001,347,124,83694,passed,
stage1__moderate_seed3301__f0__300s,471,42,6,6,7,0.016896189978506143,0.017664198613892786,0.017280194296199466,0.044516091495856891,473,0.016896189978506143,0.017280194296199466,0.044516091495856891,0.016896189978506143,0,0.016896189978506143,0,0|0|0|0|0|0|0|0|0|0|0|0|0|0|0|0|0|0|0|0,474,0.017280194296199466,0.017664198613892786,0.044516091495856891,0.017280194296199466,0,0.017280194296199466,0,0|0|0|0|0|0|0|0|0|0|0|0|0|0|0|0|0|0|0|0,parent-copy,false,46.207898800000002,348,125,85380,passed,
stage1__moderate_seed3301__f0__300s,473,471,7,7,8,0.016896189978506143,0.017280194296199466,0.017088192137352805,0.044580360579816528,475,0.016896189978506143,0.017088192137352805,0.044580360579816528,0.016896189978506143,0,0.016896189978506143,0,0|0|0|0|0|0|0|0|0|0|0|0|0|0|0|0|0|0|0|0,476,0.017088192137352805,0.017280194296199466,0.044580360579816528,0.017088192137352805,0,0.017088192137352805,0,0|0|0|0|0|0|0|0|0|0|0|0|0|0|0|0|0|0|0|0,parent-copy,false,46.298378599999999,349,126,85476,passed,
stage1__moderate_seed3301__f0__300s,475,473,8,8,9,0.016896189978506143,0.017088192137352805,0.016992191057929474,0.044612514012593682,477,0.016896189978506143,0.016992191057929474,0.044612514012593682,0.016896189978506143,0,0.016896189978506143,0,0|0|0|0|0|0|0|0|0|0|0|0|0|0|0|0|0|0|0|0,478,0.016992191057929474,0.017088192137352805,0.044612514012593682,0.016992191057929474,0,0.016992191057929474,0,0|0|0|0|0|0|0|0|0|0|0|0|0|0|0|0|0|0|0|0,parent-copy,false,46.390478100000003,350,127,85566,passed,
stage1__moderate_seed3301__f0__300s,350,172,8,8,9,0.010560118736566339,0.010752120895413001,0.01065611981598967,0.043719304344679036,499,0.010560118736566339,0.01065611981598967,0.043719304344679036,0.010560118736566339,0,0.010560118736566339,0,0|0|0|0|0|0|0|0|0|0|0|0|0|0|0|0|0|0|0|0,500,0.01065611981598967,0.010752120895413001,0.043719304344679036,0.01065611981598967,0,0.01065611981598967,0,0|0|0|0|0|0|0|0|0|0|0|0|0|0|0|0|0|0|0|0,parent-copy,false,48.567180200000003,365,134,88069,passed,
stage1__moderate_seed3301__f0__300s,274,271,8,8,9,0.014016157595806236,0.014208159754652895,0.014112158675229566,0.043763281464069964,503,0.014016157595806236,0.014112158675229566,0.043763281464069964,0.014016157595806236,0,0.014016157595806236,0,0|0|0|0|0|0|0|0|0|0|0|0|0|0|0|0|0|0|0|0,504,0.014112158675229566,0.014208159754652895,0.043763281464069964,0.014112158675229566,0,0.014112158675229566,0,0|0|0|0|0|0|0|0|0|0|0|0|0|0|0|0|0|0|0|0,parent-copy,false,49.244409599999997,369,134,88493,passed,
stage1__moderate_seed3301__f0__300s,372,272,8,8,9,0.014400161913499555,0.014592164072346217,0.014496162992922886,0.043843903223699889,613,0.014400161913499555,0.014496162992922886,0.043843903223699889,0.014400161913499555,0,0.014400161913499555,0,0|0|0|0|0|0|0|0|0|0|0|0|0|0|0|0|0|0|0|0,614,0.014496162992922886,0.014592164072346217,0.043843903223699889,0.014496162992922886,0,0.014496162992922886,0,0|0|0|0|0|0|0|0|0|0|0|0|0|0|0|0|0|0|0|0,parent-copy,false,65.316087499999995,445,168,138247,passed,
stage1__moderate_seed3301__f0__300s,238,46,7,7,8,0.014976168390039537,0.015360172707732858,0.015168170548886199,0.0439650998272045,659,0.014976168390039537,0.015168170548886199,0.0439650998272045,0.014976168390039537,0,0.014976168390039537,0,0|0|0|0|0|0|0|0|0|0|0|0|0|0|0|0|0|0|0|0,660,0.015168170548886199,0.015360172707732858,0.0439650998272045,0.015168170548886199,0,0.015168170548886199,0,0|0|0|0|0|0|0|0|0|0|0|0|0|0|0|0|0|0|0|0,parent-copy,false,68.657089900000003,474,185,145696,passed,
stage1__moderate_seed3301__f0__300s,659,238,8,8,9,0.014976168390039537,0.015168170548886199,0.015072169469462868,0.043997230528178125,661,0.014976168390039537,0.015072169469462868,0.043997230528178125,0.014976168390039537,0,0.014976168390039537,0,0|0|0|0|0|0|0|0|0|0|0|0|0|0|0|0|0|0|0|0,662,0.015072169469462868,0.015168170548886199,0.043997230528178125,0.015072169469462868,0,0.015072169469462868,0,0|0|0|0|0|0|0|0|0|0|0|0|0|0|0|0|0|0|0|0,parent-copy,false,68.744736000000003,475,186,146100,passed,
stage1__moderate_seed3301__f0__300s,428,41,6,6,7,0.0161281813431195,0.016896189978506143,0.01651218566081282,0.044270299096605348,769,0.0161281813431195,0.01651218566081282,0.044270299096605348,0.0161281813431195,0,0.0161281813431195,0,0|0|0|0|0|0|0|0|0|0|0|0|0|0|0|0|0|0|0|0,770,0.01651218566081282,0.016896189978506143,0.044270299096605348,0.01651218566081282,0,0.01651218566081282,0,0|0|0|0|0|0|0|0|0|0|0|0|0|0|0|0|0|0|0|0,parent-copy,false,73.613748400000006,552,217,150705,passed,
stage1__moderate_seed3301__f0__300s,769,428,7,7,8,0.0161281813431195,0.01651218566081282,0.016320183501966158,0.044334550037020276,771,0.0161281813431195,0.016320183501966158,0.044334550037020276,0.0161281813431195,0,0.0161281813431195,0,0|0|0|0|0|0|0|0|0|0|0|0|0|0|0|0|0|0|0|0,772,0.016320183501966158,0.01651218566081282,0.044334550037020276,0.016320183501966158,0,0.016320183501966158,0,0|0|0|0|0|0|0|0|0|0|0|0|0|0|0|0|0|0|0|0,parent-copy,false,73.700854800000002,553,218,150846,passed,
stage1__moderate_seed3301__f0__300s,771,769,8,8,9,0.0161281813431195,0.016320183501966158,0.016224182422542831,0.044366694389326763,773,0.0161281813431195,0.016224182422542831,0.044366694389326763,0.0161281813431195,0,0.0161281813431195,0,0|0|0|0|0|0|0|0|0|0|0|0|0|0|0|0|0|0|0|0,774,0.016224182422542831,0.016320183501966158,0.044366694389326763,0.016224182422542831,0,0.016224182422542831,0,0|0|0|0|0|0|0|0|0|0|0|0|0|0|0|0|0|0|0|0,parent-copy,false,73.7863617,554,219,150928,passed,
stage1__moderate_seed3301__f0__300s,174,171,8,8,9,0.01017611441887302,0.01036811657771968,0.01027211549829635,0.043992391201622245,819,0.01017611441887302,0.01027211549829635,0.043992391201622245,0.01017611441887302,0,0.01017611441887302,0,0|0|0|0|0|0|0|0|0|0|0|0|0|0|0|0|0|0|0|0,820,0.01027211549829635,0.01036811657771968,0.043992391201622245,0.01027211549829635,0,0.01027211549829635,0,0|0|0|0|0|0|0|0|0|0|0|0|0|0|0|0|0|0|0|0,parent-copy,false,75.354684000000006,586,233,152618,passed,
stage1__moderate_seed3301__f0__300s,660,238,8,8,9,0.015168170548886199,0.015360172707732858,0.015264171628309529,0.044058868988905722,933,0.015168170548886199,0.015264171628309529,0.044058868988905722,0.015168170548886199,0,0.015168170548886199,0,0|0|0|0|0|0|0|0|0|0|0|0|0|0|0|0|0|0|0|0,934,0.015264171628309529,0.015360172707732858,0.044058868988905722,0.015264171628309529,0,0.015264171628309529,0,0|0|0|0|0|0|0|0|0|0|0|0|0|0|0|0|0|0|0|0,parent-copy,false,82.988289899999998,664,269,167980,passed,
stage1__moderate_seed3301__f0__300s,430,427,7,7,8,0.01574417702542618,0.0161281813431195,0.015936179184272842,0.044211497831393443,1055,0.01574417702542618,0.015936179184272842,0.044211497831393443,0.01574417702542618,0,0.01574417702542618,0,0|0|0|0|0|0|0|0|0|0|0|0|0|0|0|0|0|0|0|0,1056,0.015936179184272842,0.0161281813431195,0.044211497831393443,0.015936179184272842,0,0.015936179184272842,0,0|0|0|0|0|0|0|0|0|0|0|0|0|0|0|0|0|0|0|0,parent-copy,false,88.092811499999996,742,313,176685,passed,
stage1__moderate_seed3301__f0__300s,1055,430,8,8,9,0.01574417702542618,0.015936179184272842,0.015840178104849511,0.044243637637333806,1057,0.01574417702542618,0.015840178104849511,0.044243637637333806,0.01574417702542618,0,0.01574417702542618,0,0|0|0|0|0|0|0|0|0|0|0|0|0|0|0|0|0|0|0|0,1058,0.015840178104849511,0.015936179184272842,0.044243637637333806,0.015840178104849511,0,0.015840178104849511,0,0|0|0|0|0|0|0|0|0|0|0|0|0|0|0|0|0|0|0|0,parent-copy,false,88.190290300000001,743,314,176831,passed,
stage1__moderate_seed3301__f0__300s,1056,430,8,8,9,0.015936179184272842,0.0161281813431195,0.016032180263696169,0.044305178252616859,1059,0.015936179184272842,0.016032180263696169,0.044305178252616859,0.015936179184272842,0,0.015936179184272842,0,0|0|0|0|0|0|0|0|0|0|0|0|0|0|0|0|0|0|0|0,1060,0.016032180263696169,0.0161281813431195,0.044305178252616859,0.016032180263696169,0,0.016032180263696169,0,0|0|0|0|0|0|0|0|0|0|0|0|0|0|0|0|0|0|0|0,parent-copy,false,88.296859699999999,744,315,176911,passed,
stage1__moderate_seed3301__f0__300s,102,99,7,7,8,0.0096001079423330363,0.0099841122600263579,0.0097921101011796963,0.044200027509036968,1125,0.0096001079423330363,0.0097921101011796963,0.044200027509036968,0.0096001079423330363,0,0.0096001079423330363,0,0|0|0|0|0|0|0|0|0|0|0|0|0|0|0|0|0|0|0|0,1126,0.0097921101011796963,0.0099841122600263579,0.044200027509036968,0.0097921101011796963,0,0.0097921101011796963,0,0|0|0|0|0|0|0|0|0|0|0|0|0|0|0|0|0|0|0|0,parent-copy,false,90.362125399999996,784,341,178468,passed,
stage1__moderate_seed3301__f0__300s,1125,102,8,8,9,0.0096001079423330363,0.0097921101011796963,0.0096961090217563654,0.044401331917392733,1127,0.0096001079423330363,0.0096961090217563654,0.044401331917392733,0.0096001079423330363,0,0.0096001079423330363,0,0|0|0|0|0|0|0|0|0|0|0|0|0|0|0|0|0|0|0|0,1128,0.0096961090217563654,0.0097921101011796963,0.044401331917392733,0.0096961090217563654,0,0.0096961090217563654,0,0|0|0|0|0|0|0|0|0|0|0|0|0|0|0|0|0|0|0|0,parent-copy,false,90.470732999999996,785,342,178613,passed,
stage1__moderate_seed3301__f0__300s,1126,102,8,8,9,0.0097921101011796963,0.0099841122600263579,0.0098881111806030271,0.044265110236621344,1129,0.0097921101011796963,0.0098881111806030271,0.044265110236621344,0.0097921101011796963,0,0.0097921101011796963,0,0|0|0|0|0|0|0|0|0|0|0|0|0|0|0|0|0|0|0|0,1130,0.0098881111806030271,0.0099841122600263579,0.044265110236621344,0.0098881111806030271,0,0.0098881111806030271,0,0|0|0|0|0|0|0|0|0|0|0|0|0|0|0|0|0|0|0|0,parent-copy,false,90.571552299999993,786,343,178728,passed,
stage1__moderate_seed3301__f0__300s,770,428,7,7,8,0.01651218566081282,0.016896189978506143,0.016704187819659481,0.04445750430487664,1363,0.01651218566081282,0.016704187819659481,0.04445750430487664,0.01651218566081282,0,0.01651218566081282,0,0|0|0|0|0|0|0|0|0|0|0|0|0|0|0|0|0|0|0|0,1364,0.016704187819659481,0.016896189978506143,0.04445750430487664,0.016704187819659481,0,0.016704187819659481,0,0|0|0|0|0|0|0|0|0|0|0|0|0|0|0|0|0|0|0|0,parent-copy,false,103.2214469,941,422,205297,passed,
stage1__moderate_seed3301__f0__300s,1363,770,8,8,9,0.01651218566081282,0.016704187819659481,0.016608186740236151,0.044489653199464033,1365,0.01651218566081282,0.016608186740236151,0.044489653199464033,0.01651218566081282,0,0.01651218566081282,0,0|0|0|0|0|0|0|0|0|0|0|0|0|0|0|0|0|0|0|0,1366,0.016608186740236151,0.016704187819659481,0.044489653199464033,0.016608186740236151,0,0.016608186740236151,0,0|0|0|0|0|0|0|0|0|0|0|0|0|0|0|0|0|0|0|0,parent-copy,false,103.3175895,942,423,205552,passed,
stage1__moderate_seed3301__f0__300s,772,769,8,8,9,0.016320183501966158,0.01651218566081282,0.016416184581389489,0.044428186040573497,1451,0.016320183501966158,0.016416184581389489,0.044428186040573497,0.016320183501966158,0,0.016320183501966158,0,0|0|0|0|0|0|0|0|0|0|0|0|0|0|0|0|0|0|0|0,1452,0.016416184581389489,0.01651218566081282,0.044428186040573497,0.016416184581389489,0,0.016416184581389489,0,0|0|0|0|0|0|0|0|0|0|0|0|0|0|0|0|0|0|0|0,parent-copy,false,109.1182749,995,456,214892,passed,
stage1__moderate_seed3301__f0__300s,472,42,6,6,7,0.017664198613892786,0.018432207249279429,0.018048202931586106,0.044773559763715214,1599,0.017664198613892786,0.018048202931586106,0.044773559763715214,0.017664198613892786,0,0.017664198613892786,0,0|0|0|0|0|0|0|0|0|0|0|0|0|0|0|0|0|0|0|0,1600,0.018048202931586106,0.018432207249279429,0.044773559763715214,0.018048202931586106,0,0.018048202931586106,0,0|0|0|0|0|0|0|0|0|0|0|0|0|0|0|0|0|0|0|0,parent-copy,false,113.9909054,1086,513,225569,passed,
stage1__moderate_seed3301__f0__300s,1599,472,7,7,8,0.017664198613892786,0.018048202931586106,0.017856200772739445,0.044825778930157448,1601,0.017664198613892786,0.017856200772739445,0.044825778930157448,0.017664198613892786,0,0.017664198613892786,0,0|0|0|0|0|0|0|0|0|0|0|0|0|0|0|0|0|0|0|0,1602,0.017856200772739445,0.018048202931586106,0.044825778930157448,0.017856200772739445,0,0.017856200772739445,0,0|0|0|0|0|0|0|0|0|0|0|0|0|0|0|0|0|0|0|0,parent-copy,false,114.0946221,1087,514,225878,passed,
stage1__moderate_seed3301__f0__300s,1600,472,7,7,8,0.018048202931586106,0.018432207249279429,0.018240205090432768,0.044975468493502604,1603,0.018048202931586106,0.018240205090432768,0.044975468493502604,0.018048202931586106,0,0.018048202931586106,0,0|0|0|0|0|0|0|0|0|0|0|0|0|0|0|0|0|0|0|0,1604,0.018240205090432768,0.018432207249279429,0.044975468493502604,0.018240205090432768,0,0.018240205090432768,0,0|0|0|0|0|0|0|0|0|0|0|0|0|0|0|0|0|0|0|0,parent-copy,false,114.2062734,1088,515,225971,passed,
stage1__moderate_seed3301__f0__300s,1601,1599,8,8,9,0.017664198613892786,0.017856200772739445,0.017760199693316117,0.044857941427018683,1605,0.017664198613892786,0.017760199693316117,0.044857941427018683,0.017664198613892786,0,0.017664198613892786,0,0|0|0|0|0|0|0|0|0|0|0|0|0|0|0|0|0|0|0|0,1606,0.017760199693316117,0.017856200772739445,0.044857941427018683,0.017760199693316117,0,0.017760199693316117,0,0|0|0|0|0|0|0|0|0|0|0|0|0|0|0|0|0|0|0|0,parent-copy,false,114.5409916,1089,516,226107,passed,
stage1__moderate_seed3301__f0__300s,1364,770,8,8,9,0.016704187819659481,0.016896189978506143,0.016800188899082812,0.044551095859103135,1671,0.016704187819659481,0.016800188899082812,0.044551095859103135,0.016704187819659481,0,0.016704187819659481,0,0|0|0|0|0|0|0|0|0|0|0|0|0|0|0|0|0|0|0|0,1672,0.016800188899082812,0.016896189978506143,0.044551095859103135,0.016800188899082812,0,0.016800188899082812,0,0|0|0|0|0|0|0|0|0|0|0|0|0|0|0|0|0|0|0|0,parent-copy,false,117.95549509999999,1137,534,229634,passed,
stage1__moderate_seed3301__f0__300s,104,101,8,8,9,0.0094081057834863764,0.0096001079423330363,0.0095041068629097072,0.044537548401835082,1699,0.0094081057834863764,0.0095041068629097072,0.044537548401835082,0.0094081057834863764,0,0.0094081057834863764,0,0|0|0|0|0|0|0|0|0|0|0|0|0|0|0|0|0|0|0|0,1700,0.0095041068629097072,0.0096001079423330363,0.044537548401835082,0.0095041068629097072,0,0.0095041068629097072,0,0|0|0|0|0|0|0|0|0|0|0|0|0|0|0|0|0|0|0|0,parent-copy,false,118.5995746,1153,546,230301,passed,
stage1__moderate_seed3301__f0__300s,474,471,7,7,8,0.017280194296199466,0.017664198613892786,0.017472196455046128,0.044703118806653154,1791,0.017280194296199466,0.017472196455046128,0.044703118806653154,0.017280194296199466,0,0.017280194296199466,0,0|0|0|0|0|0|0|0|0|0|0|0|0|0|0|0|0|0|0|0,1792,0.017472196455046128,0.017664198613892786,0.044703118806653154,0.017472196455046128,0,0.017472196455046128,0,0|0|0|0|0|0|0|0|0|0|0|0|0|0|0|0|0|0|0|0,parent-copy,false,123.7835007,1220,571,238520,passed,
stage1__moderate_seed3301__f0__300s,1791,474,8,8,9,0.017280194296199466,0.017472196455046128,0.017376195375622797,0.044735276773523465,1793,0.017280194296199466,0.017376195375622797,0.044735276773523465,0.017280194296199466,0,0.017280194296199466,0,0|0|0|0|0|0|0|0|0|0|0|0|0|0|0|0|0|0|0|0,1794,0.017376195375622797,0.017472196455046128,0.044735276773523465,0.017376195375622797,0,0.017376195375622797,0,0|0|0|0|0|0|0|0|0|0|0|0|0|0|0|0|0|0|0|0,parent-copy,false,123.8914419,1221,572,238998,passed,
stage1__moderate_seed3301__f0__300s,476,473,8,8,9,0.017088192137352805,0.017280194296199466,0.017184193216776136,0.044673907653034736,1925,0.017088192137352805,0.017184193216776136,0.044673907653034736,0.017088192137352805,0,0.017088192137352805,0,0|0|0|0|0|0|0|0|0|0|0|0|0|0|0|0|0|0|0|0,1926,0.017184193216776136,0.017280194296199466,0.044673907653034736,0.017184193216776136,0,0.017184193216776136,0,0|0|0|0|0|0|0|0|0|0|0|0|0|0|0|0|0|0|0|0,parent-copy,false,136.32785569999999,1305,619,272141,passed,
stage1__moderate_seed3301__f0__300s,19,16,7,7,8,0.0084480949892530716,0.0088320993069463932,0.0086400971480997332,0.045015733996356722,1999,0.0084480949892530716,0.0086400971480997332,0.045015733996356722,0.0084480949892530716,0,0.0084480949892530716,0,0|0|0|0|0|0|0|0|0|0|0|0|0|0|0|0|0|0|0|0,2000,0.0086400971480997332,0.0088320993069463932,0.045015733996356722,0.0086400971480997332,0,0.0086400971480997332,0,0|0|0|0|0|0|0|0|0|0|0|0|0|0|0|0|0|0|0|0,parent-copy,false,140.30360659999999,1353,645,280422,passed,
stage1__moderate_seed3301__f0__300s,1999,19,8,8,9,0.0084480949892530716,0.0086400971480997332,0.0085440960686764024,0.045216839396220232,2001,0.0084480949892530716,0.0085440960686764024,0.045216839396220232,0.0084480949892530716,0,0.0084480949892530716,0,0|0|0|0|0|0|0|0|0|0|0|0|0|0|0|0|0|0|0|0,2002,0.0085440960686764024,0.0086400971480997332,0.045216839396220232,0.0085440960686764024,0,0.0085440960686764024,0,0|0|0|0|0|0|0|0|0|0|0|0|0|0|0|0|0|0|0|0,parent-copy,false,140.41983730000001,1354,646,280746,passed,
stage1__moderate_seed3301__f0__300s,20,16,7,7,8,0.0088320993069463932,0.0092161036246397147,0.0090241014657930531,0.044744251905572026,2005,0.0088320993069463932,0.0090241014657930531,0.044744251905572026,0.0088320993069463932,0,0.0088320993069463932,0,0|0|0|0|0|0|0|0|0|0|0|0|0|0|0|0|0|0|0|0,2006,0.0090241014657930531,0.0092161036246397147,0.044744251905572026,0.0090241014657930531,0,0.0090241014657930531,0,0|0|0|0|0|0|0|0|0|0|0|0|0|0|0|0|0|0|0|0,parent-copy,false,143.62546950000001,1358,646,289880,passed,
stage1__moderate_seed3301__f0__300s,2005,20,8,8,9,0.0088320993069463932,0.0090241014657930531,0.0089281003863697223,0.044945398100111167,2007,0.0088320993069463932,0.0089281003863697223,0.044945398100111167,0.0088320993069463932,0,0.0088320993069463932,0,0|0|0|0|0|0|0|0|0|0|0|0|0|0|0|0|0|0|0|0,2008,0.0089281003863697223,0.0090241014657930531,0.044945398100111167,0.0089281003863697223,0,0.0089281003863697223,0,0|0|0|0|0|0|0|0|0|0|0|0|0|0|0|0|0|0|0|0,parent-copy,false,143.74515589999999,1359,647,290176,passed,
stage1__moderate_seed3301__f0__300s,2006,20,8,8,9,0.0090241014657930531,0.0092161036246397147,0.0091201025452163839,0.044809539939711686,2009,0.0090241014657930531,0.0091201025452163839,0.044809539939711686,0.0090241014657930531,0,0.0090241014657930531,0,0|0|0|0|0|0|0|0|0|0|0|0|0|0|0|0|0|0|0|0,2010,0.0091201025452163839,0.0092161036246397147,0.044809539939711686,0.0091201025452163839,0,0.0091201025452163839,0,0|0|0|0|0|0|0|0|0|0|0|0|0|0|0|0|0|0|0|0,parent-copy,false,143.85249390000001,1360,648,290295,passed,
stage1__moderate_seed3301__f0__300s,1792,474,8,8,9,0.017472196455046128,0.017664198613892786,0.017568197534469455,0.04479662136715401,2121,0.017472196455046128,0.017568197534469455,0.04479662136715401,0.017472196455046128,0,0.017472196455046128,0,0|0|0|0|0|0|0|0|0|0|0|0|0|0|0|0|0|0|0|0,2122,0.017568197534469455,0.017664198613892786,0.04479662136715401,0.017568197534469455,0,0.017568197534469455,0,0|0|0|0|0|0|0|0|0|0|0|0|0|0|0|0|0|0|0|0,parent-copy,false,166.52980600000001,1447,673,353550,passed,
stage1__moderate_seed3301__f0__300s,37,34,4,4,5,0.018432207249279429,0.021504241790826002,0.019968224520052716,0.044957757670542248,2277,0.018432207249279429,0.019968224520052716,0.044957757670542248,0.018432207249279429,0,0.018432207249279429,0,0|0|0|0|0|0|0|0|0|0|0|0|0|0|0|0|0|0|0|0,2278,0.019968224520052716,0.021504241790826002,0.044957757670542248,0.019968224520052716,0,0.019968224520052716,0,0|0|0|0|0|0|0|0|0|0|0|0|0|0|0|0|0|0|0|0,parent-copy,false,175.17638020000001,1544,731,369531,passed,
stage1__moderate_seed3301__f0__300s,2277,37,5,5,6,0.018432207249279429,0.019968224520052716,0.019200215884666073,0.04506791180710798,2279,0.018432207249279429,0.019200215884666073,0.04506791180710798,0.018432207249279429,0,0.018432207249279429,0,0|0|0|0|0|0|0|0|0|0|0|0|0|0|0|0|0|0|0|0,2280,0.019200215884666073,0.019968224520052716,0.04506791180710798,0.019200215884666073,0,0.019200215884666073,0,0|0|0|0|0|0|0|0|0|0|0|0|0|0|0|0|0|0|0|0,parent-copy,false,175.34369079999999,1545,732,377221,passed,
stage1__moderate_seed3301__f0__300s,2278,37,5,5,6,0.019968224520052716,0.021504241790826002,0.020736233155439359,0.045765026783276486,2281,0.019968224520052716,0.020736233155439359,0.045765026783276486,0.019968224520052716,0,0.019968224520052716,0,0|0|0|0|0|0|0|0|0|0|0|0|0|0|0|0|0|0|0|0,2282,0.020736233155439359,0.021504241790826002,0.045765026783276486,0.020736233155439359,0,0.020736233155439359,0,0|0|0|0|0|0|0|0|0|0|0|0|0|0|0|0|0|0|0|0,parent-copy,false,175.4537632,1546,733,377337,passed,
stage1__moderate_seed3301__f0__300s,2279,2277,6,6,7,0.018432207249279429,0.019200215884666073,0.018816211566972753,0.045122730058190327,2283,0.018432207249279429,0.018816211566972753,0.045122730058190327,0.018432207249279429,0,0.018432207249279429,0,0|0|0|0|0|0|0|0|0|0|0|0|0|0|0|0|0|0|0|0,2284,0.018816211566972753,0.019200215884666073,0.045122730058190327,0.018816211566972753,0,0.018816211566972753,0,0|0|0|0|0|0|0|0|0|0|0|0|0|0|0|0|0|0|0|0,parent-copy,false,175.58449100000001,1547,734,377479,passed,
stage1__moderate_seed3301__f0__300s,2280,2277,6,6,7,0.019200215884666073,0.019968224520052716,0.019584220202359393,0.045471636985625438,2285,0.019200215884666073,0.019584220202359393,0.045471636985625438,0.019200215884666073,0,0.019200215884666073,0,0|0|0|0|0|0|0|0|0|0|0|0|0|0|0|0|0|0|0|0,2286,0.019584220202359393,0.019968224520052716,0.045471636985625438,0.019584220202359393,0,0.019584220202359393,0,0|0|0|0|0|0|0|0|0|0|0|0|0|0|0|0|0|0|0|0,parent-copy,false,175.7035812,1548,735,377568,passed,
stage1__moderate_seed3301__f0__300s,2283,2279,7,7,8,0.018432207249279429,0.018816211566972753,0.018624209408126091,0.045150074833887277,2287,0.018432207249279429,0.018624209408126091,0.045150074833887277,0.018432207249279429,0,0.018432207249279429,0,0|0|0|0|0|0|0|0|0|0|0|0|0|0|0|0|0|0|0|0,2288,0.018624209408126091,0.018816211566972753,0.045150074833887277,0.018624209408126091,0,0.018624209408126091,0,0|0|0|0|0|0|0|0|0|0|0|0|0|0|0|0|0|0|0|0,parent-copy,false,175.83351569999999,1549,736,377725,passed,
stage1__moderate_seed3301__f0__300s,2284,2279,7,7,8,0.018816211566972753,0.019200215884666073,0.019008213725819414,0.045324615401044238,2289,0.018816211566972753,0.019008213725819414,0.045324615401044238,0.018816211566972753,0,0.018816211566972753,0,0|0|0|0|0|0|0|0|0|0|0|0|0|0|0|0|0|0|0|0,2290,0.019008213725819414,0.019200215884666073,0.045324615401044238,0.019008213725819414,0,0.019008213725819414,0,0|0|0|0|0|0|0|0|0|0|0|0|0|0|0|0|0|0|0|0,parent-copy,false,175.94705980000001,1550,737,377809,passed,
stage1__moderate_seed3301__f0__300s,2287,2283,8,8,9,0.018432207249279429,0.018624209408126091,0.01852820832870276,0.045163731178321821,2291,0.018432207249279429,0.01852820832870276,0.045163731178321821,0.018432207249279429,0,0.018432207249279429,0,0|0|0|0|0|0|0|0|0|0|0|0|0|0|0|0|0|0|0|0,2292,0.01852820832870276,0.018624209408126091,0.045163731178321821,0.01852820832870276,0,0.01852820832870276,0,0|0|0|0|0|0|0|0|0|0|0|0|0|0|0|0|0|0|0|0,parent-copy,false,176.0913223,1551,738,377944,passed,
stage1__moderate_seed3301__f0__300s,2288,2283,8,8,9,0.018624209408126091,0.018816211566972753,0.018720210487549422,0.045251023205819127,2293,0.018624209408126091,0.018720210487549422,0.045251023205819127,0.018624209408126091,0,0.018624209408126091,0,0|0|0|0|0|0|0|0|0|0|0|0|0|0|0|0|0|0|0|0,2294,0.018720210487549422,0.018816211566972753,0.045251023205819127,0.018720210487549422,0,0.018720210487549422,0,0|0|0|0|0|0|0|0|0|0|0|0|0|0|0|0|0|0|0|0,parent-copy,false,176.20719299999999,1552,739,378027,passed,
stage1__moderate_seed3301__f0__300s,38,34,4,4,5,0.021504241790826002,0.024576276332372575,0.023040259061599289,0.046349175586335833,2319,0.021504241790826002,0.023040259061599289,0.046349175586335833,0.021504241790826002,0,0.021504241790826002,0,0|0|0|0|0|0|0|0|0|0|0|0|0|0|0|0|0|0|0|0,2320,0.023040259061599289,0.024576276332372575,0.046349175586335833,0.023040259061599289,0,0.023040259061599289,0,0|0|0|0|0|0|0|0|0|0|0|0|0|0|0|0|0|0|0|0,parent-copy,false,178.43710179999999,1569,748,379873,passed,
stage1__moderate_seed3301__f0__300s,2319,38,5,5,6,0.021504241790826002,0.023040259061599289,0.022272250426212645,0.046461084095111169,2321,0.021504241790826002,0.022272250426212645,0.046461084095111169,0.021504241790826002,0,0.021504241790826002,0,0|0|0|0|0|0|0|0|0|0|0|0|0|0|0|0|0|0|0|0,2322,0.022272250426212645,0.023040259061599289,0.046461084095111169,0.022272250426212645,0,0.022272250426212645,0,0|0|0|0|0|0|0|0|0|0|0|0|0|0|0|0|0|0|0|0,parent-copy,false,178.52458820000001,1570,749,386809,passed,
stage1__moderate_seed3301__f0__300s,2321,2319,6,6,7,0.021504241790826002,0.022272250426212645,0.021888246108519326,0.046516775079254009,2323,0.021504241790826002,0.021888246108519326,0.046516775079254009,0.021504241790826002,0,0.021504241790826002,0,0|0|0|0|0|0|0|0|0|0|0|0|0|0|0|0|0|0|0|0,2324,0.021888246108519326,0.022272250426212645,0.046516775079254009,0.021888246108519326,0,0.021888246108519326,0,0|0|0|0|0|0|0|0|0|0|0|0|0|0|0|0|0|0|0|0,parent-copy,false,178.6116901,1571,750,386906,passed,
stage1__moderate_seed3301__f0__300s,2322,2319,6,6,7,0.022272250426212645,0.023040259061599289,0.022656254743905965,0.04686462605052661,2325,0.022272250426212645,0.022656254743905965,0.04686462605052661,0.022272250426212645,0,0.022272250426212645,0,0|0|0|0|0|0|0|0|0|0|0|0|0|0|0|0|0|0|0|0,2326,0.022656254743905965,0.023040259061599289,0.04686462605052661,0.022656254743905965,0,0.022656254743905965,0,0|0|0|0|0|0|0|0|0|0|0|0|0|0|0|0|0|0|0|0,parent-copy,false,178.72646349999999,1572,751,386985,passed,
stage1__moderate_seed3301__f0__300s,2323,2321,7,7,8,0.021504241790826002,0.021888246108519326,0.021696243949672664,0.046544555114772221,2327,0.021504241790826002,0.021696243949672664,0.046544555114772221,0.021504241790826002,0,0.021504241790826002,0,0|0|0|0|0|0|0|0|0|0|0|0|0|0|0|0|0|0|0|0,2328,0.021696243949672664,0.021888246108519326,0.046544555114772221,0.021696243949672664,0,0.021696243949672664,0,0|0|0|0|0|0|0|0|0|0|0|0|0|0|0|0|0|0|0|0,parent-copy,false,178.8359289,1573,752,387149,passed,
stage1__moderate_seed3301__f0__300s,2324,2321,7,7,8,0.021888246108519326,0.022272250426212645,0.022080248267365987,0.046718568378666614,2329,0.021888246108519326,0.022080248267365987,0.046718568378666614,0.021888246108519326,0,0.021888246108519326,0,0|0|0|0|0|0|0|0|0|0|0|0|0|0|0|0|0|0|0|0,2330,0.022080248267365987,0.022272250426212645,0.046718568378666614,0.022080248267365987,0,0.022080248267365987,0,0|0|0|0|0|0|0|0|0|0|0|0|0|0|0|0|0|0|0|0,parent-copy,false,178.94913629999999,1574,753,387233,passed,
stage1__moderate_seed3301__f0__300s,2327,2323,8,8,9,0.021504241790826002,0.021696243949672664,0.021600242870249333,0.046558428813253921,2331,0.021504241790826002,0.021600242870249333,0.046558428813253921,0.021504241790826002,0,0.021504241790826002,0,0|0|0|0|0|0|0|0|0|0|0|0|0|0|0|0|0|0|0|0,2332,0.021600242870249333,0.021696243949672664,0.046558428813253921,0.021600242870249333,0,0.021600242870249333,0,0|0|0|0|0|0|0|0|0|0|0|0|0|0|0|0|0|0|0|0,parent-copy,false,179.0600919,1575,754,387377,passed,
stage1__moderate_seed3301__f0__300s,2328,2323,8,8,9,0.021696243949672664,0.021888246108519326,0.021792245029095995,0.046645457357524837,2333,0.021696243949672664,0.021792245029095995,0.046645457357524837,0.021696243949672664,0,0.021696243949672664,0,0|0|0|0|0|0|0|0|0|0|0|0|0|0|0|0|0|0|0|0,2334,0.021792245029095995,0.021888246108519326,0.046645457357524837,0.021792245029095995,0,0.021792245029095995,0,0|0|0|0|0|0|0|0|0|0|0|0|0|0|0|0|0|0|0|0,parent-copy,false,179.17941300000001,1576,755,387457,passed,
stage1__moderate_seed3301__f0__300s,1602,1599,8,8,9,0.017856200772739445,0.018048202931586106,0.017952201852162775,0.044919236946206455,2471,0.017856200772739445,0.017952201852162775,0.044919236946206455,0.017856200772739445,0,0.017856200772739445,0,0|0|0|0|0|0|0|0|0|0|0|0|0|0|0|0|0|0|0|0,2472,0.017952201852162775,0.018048202931586106,0.044919236946206455,0.017952201852162775,0,0.017952201852162775,0,0|0|0|0|0|0|0|0|0|0|0|0|0|0|0|0|0|0|0|0,parent-copy,false,192.973319,1674,795,422373,passed,
stage1__moderate_seed3301__f0__300s,1604,1600,8,8,9,0.018240205090432768,0.018432207249279429,0.018336206169856099,0.045076422716070985,3065,0.018240205090432768,0.018336206169856099,0.045076422716070985,0.018240205090432768,0,0.018240205090432768,0,0|0|0|0|0|0|0|0|0|0|0|0|0|0|0|0|0|0|0|0,3066,0.018336206169856099,0.018432207249279429,0.045076422716070985,0.018336206169856099,0,0.018336206169856099,0,0|0|0|0|0|0|0|0|0|0|0|0|0|0|0|0|0|0|0|0,parent-copy,false,253.66344860000001,2090,973,580653,passed,
stage1__moderate_seed3301__f0__300s,1603,1600,8,8,9,0.018048202931586106,0.018240205090432768,0.018144204011009437,0.044989097822935691,3103,0.018048202931586106,0.018144204011009437,0.044989097822935691,0.018048202931586106,0,0.018048202931586106,0,0|0|0|0|0|0|0|0|0|0|0|0|0|0|0|0|0|0|0|0,3104,0.018144204011009437,0.018240205090432768,0.044989097822935691,0.018144204011009437,0,0.018144204011009437,0,0|0|0|0|0|0|0|0|0|0|0|0|0|0|0|0|0|0|0|0,parent-copy,false,259.20790740000001,2111,990,595940,passed,
