run_id,node_uid,parent_uid,native_depth,gini_generation,relaxation_pass,gamma_L,gamma_U,pre_local_row_relaxation,post_local_row_relaxation,delta_rows_attached,duplicates_omitted,row_factory_seconds,row_api_seconds,status
stage1__V12_M2__f2__300s,1,0,1,1,1,0,0.35925203537748546,0.37933798889231829,,647,0,0.0038409999999999998,0.00014139999999999999,awaiting_reoptimization
stage1__V12_M2__f2__300s,2,0,1,1,1,0.35925203537748546,0.68743279608836372,0.56121549480419464,,647,0,0.0042278999999999997,0.00014530000000000001,awaiting_reoptimization
stage1__V12_M2__f2__300s,2,0,1,1,2,0.35925203537748546,0.68743279608836372,0.56121549480419464,0.5977795161785957,,,0.0042278999999999997,0.00014530000000000001,passed
stage1__V12_M2__f2__300s,3,2,2,2,1,0.35925203537748546,0.53887805306622816,0.5977795161785957,,647,0,0.0044025999999999996,0.00016780000000000001,awaiting_reoptimization
stage1__V12_M2__f2__300s,3,2,2,2,2,0.35925203537748546,0.53887805306622816,0.5977795161785957,0.6126903659679388,,,0.0044025999999999996,0.00016780000000000001,passed
stage1__V12_M2__f2__300s,5,3,3,3,1,0.35925203537748546,0.44906504422185678,0.61269041058389795,,647,0,0.0042233000000000001,0.0001516,awaiting_reoptimization
stage1__V12_M2__f2__300s,5,3,3,3,2,0.35925203537748546,0.44906504422185678,0.61269041058389795,0.6252080159767609,,,0.0042233000000000001,0.0001516,passed
stage1__V12_M2__f2__300s,6,3,3,3,1,0.44906504422185678,0.53887805306622816,0.65503244211919953,,647,0,0.0040932,0.00014999999999999999,awaiting_reoptimization
stage1__V12_M2__f2__300s,6,3,3,3,2,0.44906504422185678,0.53887805306622816,0.65503244211919953,0.66531072505132205,,,0.0040932,0.00014999999999999999,passed
stage1__V12_M2__f2__300s,7,5,4,4,1,0.35925203537748546,0.40415853979967109,0.62520801597675946,,647,0,0.0040429999999999997,0.00014970000000000001,awaiting_reoptimization
stage1__V12_M2__f2__300s,8,5,4,4,1,0.40415853979967109,0.44906504422185678,0.63201153135819554,,647,0,0.0040857999999999997,0.0001437,awaiting_reoptimization
stage1__V12_M2__f2__300s,8,5,4,4,2,0.40415853979967109,0.44906504422185678,0.63201153135819554,0.64577840567121025,,,0.0040857999999999997,0.0001437,passed
stage1__V12_M2__f2__300s,11,8,5,5,1,0.40415853979967109,0.42661179201076393,0.64577840567121025,,647,0,0.0039789999999999999,0.00014689999999999999,awaiting_reoptimization
stage1__V12_M2__f2__300s,11,8,5,5,2,0.40415853979967109,0.42661179201076393,0.64577840567121025,0.65318966634550413,,,0.0039789999999999999,0.00014689999999999999,passed
stage1__V12_M2__f2__300s,12,8,5,5,1,0.42661179201076393,0.44906504422185678,0.64969408805346773,,647,0,0.0041243,0.0001472,awaiting_reoptimization
stage1__V12_M2__f2__300s,12,8,5,5,2,0.42661179201076393,0.44906504422185678,0.64969408805346773,0.65654447508204095,,,0.0041243,0.0001472,passed
stage1__V12_M2__f2__300s,13,11,6,6,1,0.40415853979967109,0.41538516590521751,0.65318966634550424,,647,0,0.0042062000000000002,0.000154,awaiting_reoptimization
stage1__V12_M2__f2__300s,14,11,6,6,1,0.41538516590521751,0.42661179201076393,0.65460341421776602,,647,0,0.0040749999999999996,0.00015330000000000001,awaiting_reoptimization
stage1__V12_M2__f2__300s,14,11,6,6,2,0.41538516590521751,0.42661179201076393,0.65460341421776602,0.65798732497750301,,,0.0040749999999999996,0.00015330000000000001,passed
stage1__V12_M2__f2__300s,17,14,7,7,1,0.41538516590521751,0.4209984789579907,0.65798732497750301,,647,0,0.0040268999999999999,0.00015100000000000001,awaiting_reoptimization
stage1__V12_M2__f2__300s,18,14,7,7,1,0.4209984789579907,0.42661179201076393,0.6587067638553169,,647,0,0.0041977999999999998,0.0001495,awaiting_reoptimization
stage1__V12_M2__f2__300s,18,14,7,7,2,0.4209984789579907,0.42661179201076393,0.6587067638553169,0.66041240053965167,,,0.0041977999999999998,0.0001495,passed
stage1__V12_M2__f2__300s,19,18,8,8,1,0.4209984789579907,0.42380513548437732,0.66041240053965178,,647,0,0.0040711000000000002,0.0001461,awaiting_reoptimization
stage1__V12_M2__f2__300s,19,18,8,8,2,0.4209984789579907,0.42380513548437732,0.66041240053965178,0.66159204545772832,,,0.0040711000000000002,0.0001461,passed
stage1__V12_M2__f2__300s,20,18,8,8,1,0.42380513548437732,0.42661179201076393,0.66079387919092869,,647,0,0.0040527999999999996,0.00015699999999999999,awaiting_reoptimization
stage1__V12_M2__f2__300s,20,18,8,8,2,0.42380513548437732,0.42661179201076393,0.66079387919092869,0.66165079584525333,,,0.0040527999999999996,0.00015699999999999999,passed
stage1__V12_M2__f2__300s,23,20,9,9,1,0.42380513548437732,0.4252084637475706,0.66165079584525333,,647,0,0.0039861999999999996,0.00015100000000000001,awaiting_reoptimization
stage1__V12_M2__f2__300s,23,20,9,9,2,0.42380513548437732,0.4252084637475706,0.66165079584525333,0.66218512277847053,,,0.0039861999999999996,0.00015100000000000001,passed
stage1__V12_M2__f2__300s,24,20,9,9,1,0.4252084637475706,0.42661179201076393,0.66184412386969271,,647,0,0.0041133999999999997,0.00015569999999999999,awaiting_reoptimization
stage1__V12_M2__f2__300s,24,20,9,9,2,0.4252084637475706,0.42661179201076393,0.66184412386969271,0.66227220434559242,,,0.0041133999999999997,0.00015569999999999999,passed
stage1__V12_M2__f2__300s,25,23,10,10,1,0.42380513548437732,0.42450679961597393,0.66218512277847053,,647,0,0.0040597000000000003,0.00015689999999999999,awaiting_reoptimization
stage1__V12_M2__f2__300s,25,23,10,10,2,0.42380513548437732,0.42450679961597393,0.66218512277847053,0.66248154163960149,,,0.0040597000000000003,0.00015689999999999999,passed
stage1__V12_M2__f2__300s,26,23,10,10,1,0.42450679961597393,0.4252084637475706,0.66227595446959664,,647,0,0.0040439999999999999,0.00015200000000000001,awaiting_reoptimization
stage1__V12_M2__f2__300s,26,23,10,10,2,0.42450679961597393,0.4252084637475706,0.66227595446959664,0.66248797715433261,,,0.0040439999999999999,0.00015200000000000001,passed
stage1__V12_M2__f2__300s,16,12,6,6,1,0.43783841811631036,0.44906504422185678,0.65884940074883014,,647,0,0.0045858000000000001,0.00015809999999999999,awaiting_reoptimization
stage1__V12_M2__f2__300s,16,12,6,6,2,0.43783841811631036,0.44906504422185678,0.65884940074883014,0.66221653663836888,,,0.0045858000000000001,0.00015809999999999999,passed
stage1__V12_M2__f2__300s,63,16,7,7,1,0.43783841811631036,0.44345173116908354,0.66221653663836866,,647,0,0.0041618999999999996,0.00015080000000000001,awaiting_reoptimization
stage1__V12_M2__f2__300s,63,16,7,7,2,0.43783841811631036,0.44345173116908354,0.66221653663836866,0.66296753021962562,,,0.0041618999999999996,0.00015080000000000001,passed
stage1__V12_M2__f2__300s,65,63,8,8,1,0.43783841811631036,0.44064507464269698,0.66296753021962562,,647,0,0.0041178999999999999,0.0001473,awaiting_reoptimization
stage1__V12_M2__f2__300s,65,63,8,8,2,0.43783841811631036,0.44064507464269698,0.66296753021962562,0.66348366604232956,,,0.0041178999999999999,0.0001473,passed
stage1__V12_M2__f2__300s,66,63,8,8,1,0.44064507464269698,0.44345173116908354,0.66351505115283049,,647,0,0.0047314000000000002,0.00015359999999999999,awaiting_reoptimization
stage1__V12_M2__f2__300s,66,63,8,8,2,0.44064507464269698,0.44345173116908354,0.66351505115283049,0.66437057145440448,,,0.0047314000000000002,0.00015359999999999999,passed
stage1__V12_M2__f2__300s,67,65,9,9,1,0.43783841811631036,0.43924174637950364,0.66348366604232956,,647,0,0.0040321999999999997,0.00015239999999999999,awaiting_reoptimization
stage1__V12_M2__f2__300s,67,65,9,9,2,0.43783841811631036,0.43924174637950364,0.66348366604232956,0.66381284146805664,,,0.0040321999999999997,0.00015239999999999999,passed
stage1__V12_M2__f2__300s,68,65,9,9,1,0.43924174637950364,0.44064507464269698,0.66370994296117214,,647,0,0.0040600999999999996,0.0001507,awaiting_reoptimization
stage1__V12_M2__f2__300s,68,65,9,9,2,0.43924174637950364,0.44064507464269698,0.66370994296117214,0.66413731625984462,,,0.0040600999999999996,0.0001507,passed
stage1__V12_M2__f2__300s,71,67,10,10,1,0.43783841811631036,0.43854008224790697,0.66381284146805652,,647,0,0.0040454000000000002,0.00015249999999999999,awaiting_reoptimization
stage1__V12_M2__f2__300s,71,67,10,10,2,0.43783841811631036,0.43854008224790697,0.66381284146805652,0.66398216818188782,,,0.0040454000000000002,0.00015249999999999999,passed
stage1__V12_M2__f2__300s,72,67,10,10,1,0.43854008224790697,0.43924174637950364,0.66392561357231061,,647,0,0.0040794999999999998,0.0001438,awaiting_reoptimization
stage1__V12_M2__f2__300s,72,67,10,10,2,0.43854008224790697,0.43924174637950364,0.66392561357231061,0.66413966195595342,,,0.0040794999999999998,0.0001438,passed
stage1__V12_M2__f2__300s,15,12,6,6,1,0.42661179201076393,0.43783841811631036,0.65654447508204095,,647,0,0.0040869000000000001,0.00015699999999999999,awaiting_reoptimization
stage1__V12_M2__f2__300s,15,12,6,6,2,0.42661179201076393,0.43783841811631036,0.65654447508204095,0.65901846866070546,,,0.0040869000000000001,0.00015699999999999999,passed
stage1__V12_M2__f2__300s,123,15,7,7,1,0.42661179201076393,0.43222510506353717,0.65901846866070546,,647,0,0.0039378,0.00024030000000000001,awaiting_reoptimization
stage1__V12_M2__f2__300s,123,15,7,7,2,0.42661179201076393,0.43222510506353717,0.65901846866070546,0.6608950943802453,,,0.0039378,0.00024030000000000001,passed
stage1__V12_M2__f2__300s,124,15,7,7,1,0.43222510506353717,0.43783841811631036,0.65987418675625475,,647,0,0.0040847000000000001,0.00015300000000000001,awaiting_reoptimization
stage1__V12_M2__f2__300s,124,15,7,7,2,0.43222510506353717,0.43783841811631036,0.65987418675625475,0.66157432973853481,,,0.0040847000000000001,0.00015300000000000001,passed
stage1__V12_M2__f2__300s,125,123,8,8,1,0.42661179201076393,0.42941844853715055,0.66089509438025107,,647,0,0.0042551999999999998,0.0001496,awaiting_reoptimization
stage1__V12_M2__f2__300s,125,123,8,8,2,0.42661179201076393,0.42941844853715055,0.66089509438025107,0.66188667873911822,,,0.0042551999999999998,0.0001496,passed
stage1__V12_M2__f2__300s,129,125,9,9,1,0.42661179201076393,0.42801512027395727,0.66188667873911822,,647,0,0.0040844000000000002,0.0001459,awaiting_reoptimization
stage1__V12_M2__f2__300s,129,125,9,9,2,0.42661179201076393,0.42801512027395727,0.66188667873911822,0.66238803915369693,,,0.0040844000000000002,0.0001459,passed
stage1__V12_M2__f2__300s,130,125,9,9,1,0.42801512027395727,0.42941844853715055,0.66208013181355752,,647,0,0.0040504,0.00014970000000000001,awaiting_reoptimization
stage1__V12_M2__f2__300s,130,125,9,9,2,0.42801512027395727,0.42941844853715055,0.66208013181355752,0.66250625287735632,,,0.0040504,0.00014970000000000001,passed
stage1__V12_M2__f2__300s,131,129,10,10,1,0.42661179201076393,0.4273134561423606,0.66238803915369693,,647,0,0.0040147999999999998,0.0001494,awaiting_reoptimization
stage1__V12_M2__f2__300s,131,129,10,10,2,0.42661179201076393,0.4273134561423606,0.66238803915369693,0.66264011272919299,,,0.0040147999999999998,0.0001494,passed
stage1__V12_M2__f2__300s,132,129,10,10,1,0.4273134561423606,0.42801512027395727,0.66248464415189956,,647,0,0.0041167,0.0001585,awaiting_reoptimization
stage1__V12_M2__f2__300s,132,129,10,10,2,0.4273134561423606,0.42801512027395727,0.66248464415189956,0.66269809802123858,,,0.0041167,0.0001585,passed
stage1__V12_M2__f2__300s,126,123,8,8,1,0.42941844853715055,0.43222510506353717,0.66128582229401323,,647,0,0.0040350000000000004,0.00014129999999999999,awaiting_reoptimization
stage1__V12_M2__f2__300s,126,123,8,8,2,0.42941844853715055,0.43222510506353717,0.66128582229401323,0.66213226172824924,,,0.0040350000000000004,0.00014129999999999999,passed
stage1__V12_M2__f2__300s,139,126,9,9,1,0.42941844853715055,0.43082177680034384,0.66213226172824768,,647,0,0.0039786999999999999,0.00014990000000000001,awaiting_reoptimization
stage1__V12_M2__f2__300s,139,126,9,9,2,0.42941844853715055,0.43082177680034384,0.66213226172824768,0.66262702905209658,,,0.0039786999999999999,0.00014990000000000001,passed
stage1__V12_M2__f2__300s,141,139,10,10,1,0.42941844853715055,0.43012011266874717,0.66262702905209736,,647,0,0.0040210999999999997,0.00014630000000000001,awaiting_reoptimization
stage1__V12_M2__f2__300s,141,139,10,10,2,0.42941844853715055,0.43012011266874717,0.66262702905209736,0.66287578320569307,,,0.0040210999999999997,0.00014630000000000001,passed
stage1__V12_M2__f2__300s,128,124,8,8,1,0.43503176158992374,0.43783841811631036,0.66201426129411667,,647,0,0.0041022000000000003,0.0001484,awaiting_reoptimization
stage1__V12_M2__f2__300s,128,124,8,8,2,0.43503176158992374,0.43783841811631036,0.66201426129411667,0.66286810276288133,,,0.0041022000000000003,0.0001484,passed
stage1__V12_M2__f2__300s,145,128,9,9,1,0.43503176158992374,0.43643508985311708,0.66286810276288122,,647,0,0.0039782000000000003,0.00014349999999999999,awaiting_reoptimization
stage1__V12_M2__f2__300s,145,128,9,9,2,0.43503176158992374,0.43643508985311708,0.66286810276288122,0.66324838049272128,,,0.0039782000000000003,0.00014349999999999999,passed
stage1__V12_M2__f2__300s,147,145,10,10,1,0.43503176158992374,0.43573342572152041,0.66324838049272128,,647,0,0.0039614000000000003,0.000144,awaiting_reoptimization
stage1__V12_M2__f2__300s,147,145,10,10,2,0.43503176158992374,0.43573342572152041,0.66324838049272128,0.66345062662915277,,,0.0039614000000000003,0.000144,passed
stage1__V12_M2__f2__300s,148,145,10,10,1,0.43573342572152041,0.43643508985311708,0.66335503421870301,,647,0,0.0040727999999999997,0.0001438,awaiting_reoptimization
stage1__V12_M2__f2__300s,148,145,10,10,2,0.43573342572152041,0.43643508985311708,0.66335503421870301,0.66356716121745107,,,0.0040727999999999997,0.0001438,passed
stage1__V12_M2__f2__300s,127,124,8,8,1,0.43222510506353717,0.43503176158992374,0.66157432973852959,,647,0,0.0040480000000000004,0.00014449999999999999,awaiting_reoptimization
stage1__V12_M2__f2__300s,127,124,8,8,2,0.43222510506353717,0.43503176158992374,0.66157432973852959,0.66241676453267184,,,0.0040480000000000004,0.00014449999999999999,passed
stage1__V12_M2__f2__300s,173,127,9,9,1,0.43222510506353717,0.43362843332673046,0.66241676453267184,,647,0,0.0039795999999999998,0.00014809999999999999,awaiting_reoptimization
stage1__V12_M2__f2__300s,173,127,9,9,2,0.43222510506353717,0.43362843332673046,0.66241676453267184,0.66288738277017356,,,0.0039795999999999998,0.00014809999999999999,passed
stage1__V12_M2__f2__300s,174,127,9,9,1,0.43362843332673046,0.43503176158992374,0.66261831077288647,,647,0,0.0041454999999999999,0.0001496,awaiting_reoptimization
stage1__V12_M2__f2__300s,174,127,9,9,2,0.43362843332673046,0.43503176158992374,0.66261831077288647,0.66303889952845607,,,0.0041454999999999999,0.0001496,passed
stage1__V12_M2__f2__300s,175,173,10,10,1,0.43222510506353717,0.43292676919513384,0.66288738277018067,,647,0,0.0042142000000000004,0.00015779999999999999,awaiting_reoptimization
stage1__V12_M2__f2__300s,175,173,10,10,2,0.43222510506353717,0.43292676919513384,0.66288738277018067,0.66312847188825752,,,0.0042142000000000004,0.00015779999999999999,passed
stage1__V12_M2__f2__300s,176,173,10,10,1,0.43292676919513384,0.43362843332673046,0.66298636929589072,,647,0,0.0040613000000000003,0.0001527,awaiting_reoptimization
stage1__V12_M2__f2__300s,176,173,10,10,2,0.43292676919513384,0.43362843332673046,0.66298636929589072,0.66319684227534292,,,0.0040613000000000003,0.0001527,passed
stage1__V12_M2__f2__300s,21,19,9,9,1,0.4209984789579907,0.42240180722118403,0.66159204545772832,,647,0,0.0042186999999999997,0.00015660000000000001,awaiting_reoptimization
stage1__V12_M2__f2__300s,21,19,9,9,2,0.4209984789579907,0.42240180722118403,0.66159204545772832,0.66221612065784496,,,0.0042186999999999997,0.00015660000000000001,passed
stage1__V12_M2__f2__300s,183,21,10,10,1,0.4209984789579907,0.42170014308958736,0.66221612065784474,,647,0,0.0040822999999999996,0.00014219999999999999,awaiting_reoptimization
stage1__V12_M2__f2__300s,184,21,10,10,1,0.42170014308958736,0.42240180722118403,0.66230332821932114,,647,0,0.0040724000000000003,0.00014630000000000001,awaiting_reoptimization
stage1__V12_M2__f2__300s,184,21,10,10,2,0.42170014308958736,0.42240180722118403,0.66230332821932114,0.66251208333885181,,,0.0040724000000000003,0.00014630000000000001,passed
stage1__V12_M2__f2__300s,22,19,9,9,1,0.42240180722118403,0.42380513548437732,0.66176770526777862,,647,0,0.0041542000000000003,0.0001482,awaiting_reoptimization
stage1__V12_M2__f2__300s,22,19,9,9,2,0.42240180722118403,0.42380513548437732,0.66176770526777862,0.66218964930958168,,,0.0041542000000000003,0.0001482,passed
stage1__V12_M2__f2__300s,187,22,10,10,1,0.42240180722118403,0.4231034713527807,0.66218964930958213,,647,0,0.0040001000000000004,0.00014520000000000001,awaiting_reoptimization
stage1__V12_M2__f2__300s,187,22,10,10,2,0.42240180722118403,0.4231034713527807,0.66218964930958213,0.66249630533308035,,,0.0040001000000000004,0.00014520000000000001,passed
stage1__V12_M2__f2__300s,140,126,9,9,1,0.43082177680034384,0.43222510506353717,0.6623282047254816,,647,0,0.0042373999999999997,0.00014190000000000001,awaiting_reoptimization
stage1__V12_M2__f2__300s,140,126,9,9,2,0.43082177680034384,0.43222510506353717,0.6623282047254816,0.66275117800916938,,,0.0042373999999999997,0.00014190000000000001,passed
stage1__V12_M2__f2__300s,191,140,10,10,1,0.43082177680034384,0.43152344093194051,0.66275117800916605,,647,0,0.0040264999999999997,0.00015339999999999999,awaiting_reoptimization
stage1__V12_M2__f2__300s,191,140,10,10,2,0.43082177680034384,0.43152344093194051,0.66275117800916605,0.66299714941911547,,,0.0040264999999999997,0.00015339999999999999,passed
stage1__V12_M2__f2__300s,192,140,10,10,1,0.43152344093194051,0.43222510506353717,0.66284930421879673,,647,0,0.0043552,0.00014090000000000001,awaiting_reoptimization
stage1__V12_M2__f2__300s,192,140,10,10,2,0.43152344093194051,0.43222510506353717,0.66284930421879673,0.66306066795578078,,,0.0043552,0.00014090000000000001,passed
stage1__V12_M2__f2__300s,188,22,10,10,1,0.4231034713527807,0.42380513548437732,0.66227712331775324,,647,0,0.0040933999999999996,0.00014689999999999999,awaiting_reoptimization
stage1__V12_M2__f2__300s,188,22,10,10,2,0.4231034713527807,0.42380513548437732,0.66227712331775324,0.66248824815878293,,,0.0040933999999999996,0.00014689999999999999,passed
stage1__V12_M2__f2__300s,64,16,7,7,1,0.44345173116908354,0.44906504422185678,0.66349999283999417,,647,0,0.0040247,0.00013899999999999999,awaiting_reoptimization
stage1__V12_M2__f2__300s,64,16,7,7,2,0.44345173116908354,0.44906504422185678,0.66349999283999417,0.66517162522956597,,,0.0040247,0.00013899999999999999,passed
stage1__V12_M2__f2__300s,199,64,8,8,1,0.44345173116908354,0.44625838769547016,0.66517162522956608,,647,0,0.0040870999999999998,0.00013880000000000001,awaiting_reoptimization
stage1__V12_M2__f2__300s,199,64,8,8,2,0.44345173116908354,0.44625838769547016,0.66517162522956608,0.66542876366223702,,,0.0040870999999999998,0.00013880000000000001,passed
stage1__V12_M2__f2__300s,200,64,8,8,1,0.44625838769547016,0.44906504422185678,0.6658209650773802,,647,0,0.0039957999999999999,0.0001471,awaiting_reoptimization
stage1__V12_M2__f2__300s,200,64,8,8,2,0.44625838769547016,0.44906504422185678,0.6658209650773802,0.66665271777012625,,,0.0039957999999999999,0.0001471,passed
stage1__V12_M2__f2__300s,201,199,9,9,1,0.44345173116908354,0.44485505943227688,0.66542876366223702,,647,0,0.0040144999999999998,0.00014190000000000001,awaiting_reoptimization
stage1__V12_M2__f2__300s,201,199,9,9,2,0.44345173116908354,0.44485505943227688,0.66542876366223702,0.66557625732874115,,,0.0040144999999999998,0.00014190000000000001,passed
stage1__V12_M2__f2__300s,202,199,9,9,1,0.44485505943227688,0.44625838769547016,0.6657455101466544,,647,0,0.0040423000000000004,0.00014689999999999999,awaiting_reoptimization
stage1__V12_M2__f2__300s,202,199,9,9,2,0.44485505943227688,0.44625838769547016,0.6657455101466544,0.66616652388981124,,,0.0040423000000000004,0.00014689999999999999,passed
stage1__V12_M2__f2__300s,205,201,10,10,1,0.44345173116908354,0.44415339530068021,0.66557625732874082,,647,0,0.0040054000000000001,0.00014080000000000001,awaiting_reoptimization
stage1__V12_M2__f2__300s,205,201,10,10,2,0.44345173116908354,0.44415339530068021,0.66557625732874082,0.66567542900730048,,,0.0040054000000000001,0.00014080000000000001,passed
stage1__V12_M2__f2__300s,206,201,10,10,1,0.44415339530068021,0.44485505943227688,0.6657173455943366,,647,0,0.0043067000000000001,0.00014880000000000001,awaiting_reoptimization
stage1__V12_M2__f2__300s,206,201,10,10,2,0.44415339530068021,0.44485505943227688,0.6657173455943366,0.66592897751581337,,,0.0043067000000000001,0.00014880000000000001,passed
stage1__V12_M2__f2__300s,28,24,10,10,1,0.42591012787916727,0.42661179201076393,0.66236877548349282,,647,0,0.0042792999999999998,0.00014300000000000001,awaiting_reoptimization
stage1__V12_M2__f2__300s,28,24,10,10,2,0.42591012787916727,0.42661179201076393,0.66236877548349282,0.66258272354209802,,,0.0042792999999999998,0.00014300000000000001,passed
stage1__V12_M2__f2__300s,27,24,10,10,1,0.4252084637475706,0.42591012787916727,0.66227220434559197,,647,0,0.0041590000000000004,0.0001371,awaiting_reoptimization
stage1__V12_M2__f2__300s,27,24,10,10,2,0.4252084637475706,0.42591012787916727,0.66227220434559197,0.66252593129939141,,,0.0041590000000000004,0.0001371,passed
stage1__V12_M2__f2__300s,133,130,10,10,1,0.42801512027395727,0.42871678440555394,0.66250625287735654,,647,0,0.0042989999999999999,0.00015459999999999999,awaiting_reoptimization
stage1__V12_M2__f2__300s,133,130,10,10,2,0.42801512027395727,0.42871678440555394,0.66250625287735654,0.6627566786022554,,,0.0042989999999999999,0.00015459999999999999,passed
stage1__V12_M2__f2__300s,134,130,10,10,1,0.42871678440555394,0.42941844853715055,0.66260289236075609,,647,0,0.0050692000000000003,0.00017780000000000001,awaiting_reoptimization
stage1__V12_M2__f2__300s,134,130,10,10,2,0.42871678440555394,0.42941844853715055,0.66260289236075609,0.66281585364317486,,,0.0050692000000000003,0.00017780000000000001,passed
stage1__V12_M2__f2__300s,142,139,10,10,1,0.43012011266874717,0.43082177680034384,0.66295761907575568,,647,0,0.0041044000000000002,0.000146,awaiting_reoptimization
stage1__V12_M2__f2__300s,142,139,10,10,2,0.43012011266874717,0.43082177680034384,0.66295761907575568,0.66316801553745841,,,0.0041044000000000002,0.000146,passed
stage1__V12_M2__f2__300s,146,128,9,9,1,0.43643508985311708,0.43783841811631036,0.66320329227800479,,647,0,0.0040601999999999999,0.00014249999999999999,awaiting_reoptimization
stage1__V12_M2__f2__300s,146,128,9,9,2,0.43643508985311708,0.43783841811631036,0.66320329227800479,0.66362645620627003,,,0.0040601999999999999,0.00014249999999999999,passed
stage1__V12_M2__f2__300s,253,146,10,10,1,0.43643508985311708,0.43713675398471374,0.66362645620627081,,647,0,0.0042839999999999996,0.00013960000000000001,awaiting_reoptimization
stage1__V12_M2__f2__300s,253,146,10,10,2,0.43643508985311708,0.43713675398471374,0.66362645620627081,0.66382823708054173,,,0.0042839999999999996,0.00013960000000000001,passed
stage1__V12_M2__f2__300s,254,146,10,10,1,0.43713675398471374,0.43783841811631036,0.66373265102010459,,647,0,0.0040209,0.0001405,awaiting_reoptimization
stage1__V12_M2__f2__300s,254,146,10,10,2,0.43713675398471374,0.43783841811631036,0.66373265102010459,0.66394411654137253,,,0.0040209,0.0001405,passed
stage1__V12_M2__f2__300s,178,174,10,10,1,0.43433009745832707,0.43503176158992374,0.6633249093947402,,647,0,0.0040334000000000004,0.00013850000000000001,awaiting_reoptimization
stage1__V12_M2__f2__300s,178,174,10,10,2,0.43433009745832707,0.43503176158992374,0.6633249093947402,0.66353519261344795,,,0.0040334000000000004,0.00013850000000000001,passed
stage1__V12_M2__f2__300s,177,174,10,10,1,0.43362843332673046,0.43433009745832707,0.66322444086525434,,647,0,0.0041284,0.0001529,awaiting_reoptimization
stage1__V12_M2__f2__300s,177,174,10,10,2,0.43362843332673046,0.43433009745832707,0.66322444086525434,0.66345791610209393,,,0.0041284,0.0001529,passed
stage1__V12_M2__f2__300s,74,68,10,10,1,0.43994341051110031,0.44064507464269698,0.664300156007814,,647,0,0.0043109000000000003,0.00015119999999999999,awaiting_reoptimization
stage1__V12_M2__f2__300s,74,68,10,10,2,0.43994341051110031,0.44064507464269698,0.664300156007814,0.66451414009219689,,,0.0043109000000000003,0.00015119999999999999,passed
stage1__V12_M2__f2__300s,73,68,10,10,1,0.43924174637950364,0.43994341051110031,0.66418335413593799,,647,0,0.0040226999999999997,0.0001652,awaiting_reoptimization
stage1__V12_M2__f2__300s,73,68,10,10,2,0.43924174637950364,0.43994341051110031,0.66418335413593799,0.66434761297135969,,,0.0040226999999999997,0.0001652,passed
stage1__V12_M2__f2__300s,69,66,9,9,1,0.44064507464269698,0.44204840290589026,0.6644773460238359,,647,0,0.0040569999999999998,0.00014430000000000001,awaiting_reoptimization
stage1__V12_M2__f2__300s,69,66,9,9,2,0.44064507464269698,0.44204840290589026,0.6644773460238359,0.6647092227366076,,,0.0040569999999999998,0.00014430000000000001,passed
stage1__V12_M2__f2__300s,337,69,10,10,1,0.44064507464269698,0.44134673877429365,0.66470922273660749,,647,0,0.0040778999999999998,0.00014640000000000001,awaiting_reoptimization
stage1__V12_M2__f2__300s,337,69,10,10,2,0.44064507464269698,0.44134673877429365,0.66470922273660749,0.66483085603599046,,,0.0040778999999999998,0.00014640000000000001,passed
stage1__V12_M2__f2__300s,338,69,10,10,1,0.44134673877429365,0.44204840290589026,0.66483848393497913,,647,0,0.0041067999999999999,0.00013980000000000001,awaiting_reoptimization
stage1__V12_M2__f2__300s,338,69,10,10,2,0.44134673877429365,0.44204840290589026,0.66483848393497913,0.66505244367220739,,,0.0041067999999999999,0.00013980000000000001,passed
stage1__V12_M2__f2__300s,70,66,9,9,1,0.44204840290589026,0.44345173116908354,0.66474263009509538,,647,0,0.0040194000000000002,0.0001395,awaiting_reoptimization
stage1__V12_M2__f2__300s,70,66,9,9,2,0.44204840290589026,0.44345173116908354,0.66474263009509538,0.66516991909684342,,,0.0040194000000000002,0.0001395,passed
stage1__V12_M2__f2__300s,373,70,10,10,1,0.44204840290589026,0.44275006703748687,0.66516991909684331,,647,0,0.0039338999999999997,0.00013549999999999999,awaiting_reoptimization
stage1__V12_M2__f2__300s,373,70,10,10,2,0.44204840290589026,0.44275006703748687,0.66516991909684331,0.66528209764256241,,,0.0039338999999999997,0.00013549999999999999,passed
stage1__V12_M2__f2__300s,374,70,10,10,1,0.44275006703748687,0.44345173116908354,0.66530424046833903,,647,0,0.0040366999999999998,0.0001395,awaiting_reoptimization
stage1__V12_M2__f2__300s,374,70,10,10,2,0.44275006703748687,0.44345173116908354,0.66530424046833903,0.66551794836676492,,,0.0040366999999999998,0.0001395,passed
stage1__V12_M2__f2__300s,10,6,4,4,1,0.49397154864404247,0.53887805306622816,0.69908900053422807,,647,0,0.0043049999999999998,0.0001526,awaiting_reoptimization
stage1__V12_M2__f2__300s,10,6,4,4,2,0.49397154864404247,0.53887805306622816,0.69908900053422807,0.70208785458582301,,,0.0043049999999999998,0.0001526,passed
stage1__V12_M2__f2__300s,465,10,5,5,1,0.49397154864404247,0.51642480085513531,0.70208785458582301,,647,0,0.0039674999999999997,0.00014339999999999999,awaiting_reoptimization
stage1__V12_M2__f2__300s,465,10,5,5,1,0.49397154864404247,0.51642480085513531,0.70208785458582301,0.70208785458582301,,,0.0039674999999999997,0.00014339999999999999,passed_at_branching_context
stage1__V12_M2__f2__300s,467,465,6,6,1,0.49397154864404247,0.50519817474958884,0.70208785458582301,,647,0,0.0040140000000000002,0.0001383,awaiting_reoptimization
stage1__V12_M2__f2__300s,467,465,6,6,1,0.49397154864404247,0.50519817474958884,0.70208785458582301,0.70208785458582301,,,0.0040140000000000002,0.0001383,passed_at_branching_context
stage1__V12_M2__f2__300s,468,465,6,6,1,0.50519817474958884,0.51642480085513531,0.71113586722969291,,647,0,0.0040315000000000004,0.00014440000000000001,awaiting_reoptimization
stage1__V12_M2__f2__300s,468,465,6,6,2,0.50519817474958884,0.51642480085513531,0.71113586722969291,0.71196483317127002,,,0.0040315000000000004,0.00014440000000000001,passed
stage1__V12_M2__f2__300s,469,467,7,7,1,0.49397154864404247,0.49958486169681565,0.70208785458582301,,647,0,0.0040419000000000002,0.00014239999999999999,awaiting_reoptimization
stage1__V12_M2__f2__300s,469,467,7,7,1,0.49397154864404247,0.49958486169681565,0.70208785458582301,0.70208785458582301,,,0.0040419000000000002,0.00014239999999999999,passed_at_branching_context
stage1__V12_M2__f2__300s,470,467,7,7,1,0.49958486169681565,0.50519817474958884,0.70657372448534739,,647,0,0.0040565000000000002,0.00014009999999999999,awaiting_reoptimization
stage1__V12_M2__f2__300s,470,467,7,7,2,0.49958486169681565,0.50519817474958884,0.70657372448534739,0.706977173006065,,,0.0040565000000000002,0.00014009999999999999,passed
stage1__V12_M2__f2__300s,473,469,8,8,1,0.49397154864404247,0.49677820517042903,0.70208785458582301,,647,0,0.0040255000000000004,0.0001394,awaiting_reoptimization
stage1__V12_M2__f2__300s,473,469,8,8,1,0.49397154864404247,0.49677820517042903,0.70208785458582301,0.70208785458582301,,,0.0040255000000000004,0.0001394,passed_at_branching_context
stage1__V12_M2__f2__300s,474,469,8,8,1,0.49677820517042903,0.49958486169681565,0.70429358257774866,,647,0,0.003993,0.00013689999999999999,awaiting_reoptimization
stage1__V12_M2__f2__300s,474,469,8,8,2,0.49677820517042903,0.49958486169681565,0.70429358257774866,0.70452731950415581,,,0.003993,0.00013689999999999999,passed
stage1__V12_M2__f2__300s,477,473,9,9,1,0.49397154864404247,0.49537487690723575,0.70208785458582301,,647,0,0.0040197000000000002,0.00014320000000000001,awaiting_reoptimization
stage1__V12_M2__f2__300s,477,473,9,9,1,0.49397154864404247,0.49537487690723575,0.70208785458582301,0.70208785458582301,,,0.0040197000000000002,0.00014320000000000001,passed_at_branching_context
stage1__V12_M2__f2__300s,478,473,9,9,1,0.49537487690723575,0.49677820517042903,0.70318507385374107,,647,0,0.0040622000000000002,0.00014139999999999999,awaiting_reoptimization
stage1__V12_M2__f2__300s,478,473,9,9,2,0.49537487690723575,0.49677820517042903,0.70318507385374107,0.70330633857233815,,,0.0040622000000000002,0.00014139999999999999,passed
stage1__V12_M2__f2__300s,481,477,10,10,1,0.49397154864404247,0.49467321277563914,0.70208785458582301,,647,0,0.0040245000000000003,0.0001371,awaiting_reoptimization
stage1__V12_M2__f2__300s,481,477,10,10,1,0.49397154864404247,0.49467321277563914,0.70208785458582301,0.70208785458582301,,,0.0040245000000000003,0.0001371,passed_at_branching_context
stage1__V12_M2__f2__300s,482,477,10,10,1,0.49467321277563914,0.49537487690723575,0.70263539261232288,,647,0,0.0042544000000000002,0.00015339999999999999,awaiting_reoptimization
stage1__V12_M2__f2__300s,482,477,10,10,2,0.49467321277563914,0.49537487690723575,0.70263539261232288,0.70269602705710776,,,0.0042544000000000002,0.00015339999999999999,passed
stage1__V12_M2__f2__300s,9,6,4,4,1,0.44906504422185678,0.49397154864404247,0.66541357512747312,,647,0,0.0040743000000000003,0.0001483,awaiting_reoptimization
stage1__V12_M2__f2__300s,9,6,4,4,2,0.44906504422185678,0.49397154864404247,0.66541357512747312,0.6662837357782585,,,0.0040743000000000003,0.0001483,passed
stage1__V12_M2__f2__300s,497,9,5,5,1,0.44906504422185678,0.47151829643294962,0.66628373577825373,,647,0,0.0040117,0.00013540000000000001,awaiting_reoptimization
stage1__V12_M2__f2__300s,497,9,5,5,2,0.44906504422185678,0.47151829643294962,0.66628373577825373,0.66697382695982144,,,0.0040117,0.00013540000000000001,passed
stage1__V12_M2__f2__300s,498,9,5,5,1,0.47151829643294962,0.49397154864404247,0.68077878521070689,,647,0,0.0041278,0.00015119999999999999,awaiting_reoptimization
stage1__V12_M2__f2__300s,498,9,5,5,2,0.47151829643294962,0.49397154864404247,0.68077878521070689,0.68349651693916935,,,0.0041278,0.00015119999999999999,passed
stage1__V12_M2__f2__300s,499,497,6,6,1,0.44906504422185678,0.4602916703274032,0.66697382695982144,,647,0,0.0042710999999999999,0.00014139999999999999,awaiting_reoptimization
stage1__V12_M2__f2__300s,499,497,6,6,2,0.44906504422185678,0.4602916703274032,0.66697382695982144,0.66742710945395267,,,0.0042710999999999999,0.00014139999999999999,passed
stage1__V12_M2__f2__300s,500,497,6,6,1,0.4602916703274032,0.47151829643294962,0.67318759653747906,,647,0,0.0040875,0.0001484,awaiting_reoptimization
stage1__V12_M2__f2__300s,500,497,6,6,2,0.4602916703274032,0.47151829643294962,0.67318759653747906,0.6748842521749342,,,0.0040875,0.0001484,passed
stage1__V12_M2__f2__300s,503,499,7,7,1,0.44906504422185678,0.45467835727463002,0.66742710945395034,,647,0,0.0042151000000000003,0.0001427,awaiting_reoptimization
stage1__V12_M2__f2__300s,503,499,7,7,2,0.44906504422185678,0.45467835727463002,0.66742710945395034,0.66776624219797176,,,0.0042151000000000003,0.0001427,passed
stage1__V12_M2__f2__300s,507,503,8,8,1,0.44906504422185678,0.4518717007482434,0.66776624219797265,,647,0,0.0039966000000000003,0.00013530000000000001,awaiting_reoptimization
stage1__V12_M2__f2__300s,507,503,8,8,2,0.44906504422185678,0.4518717007482434,0.66776624219797265,0.66798756760503664,,,0.0039966000000000003,0.00013530000000000001,passed
stage1__V12_M2__f2__300s,508,503,8,8,1,0.4518717007482434,0.45467835727463002,0.66884806742343961,,647,0,0.0041158000000000002,0.00013579999999999999,awaiting_reoptimization
stage1__V12_M2__f2__300s,508,503,8,8,2,0.4518717007482434,0.45467835727463002,0.66884806742343961,0.66943613405778002,,,0.0041158000000000002,0.00013579999999999999,passed
stage1__V12_M2__f2__300s,509,507,9,9,1,0.44906504422185678,0.45046837248505012,0.66798756760503653,,647,0,0.0040255000000000004,0.00014019999999999999,awaiting_reoptimization
stage1__V12_M2__f2__300s,509,507,9,9,2,0.44906504422185678,0.45046837248505012,0.66798756760503653,0.66810732909599535,,,0.0040255000000000004,0.00014019999999999999,passed
stage1__V12_M2__f2__300s,510,507,9,9,1,0.45046837248505012,0.4518717007482434,0.66831695864832397,,647,0,0.0042719000000000003,0.0001382,awaiting_reoptimization
stage1__V12_M2__f2__300s,510,507,9,9,2,0.45046837248505012,0.4518717007482434,0.66831695864832397,0.66872684320274822,,,0.0042719000000000003,0.0001382,passed
stage1__V12_M2__f2__300s,513,509,10,10,1,0.44906504422185678,0.44976670835345345,0.66810732909599535,,647,0,0.0039909000000000003,0.00014860000000000001,awaiting_reoptimization
stage1__V12_M2__f2__300s,513,509,10,10,2,0.44906504422185678,0.44976670835345345,0.66810732909599535,0.66816800737976001,,,0.0039909000000000003,0.00014860000000000001,passed
stage1__V12_M2__f2__300s,514,509,10,10,1,0.44976670835345345,0.45046837248505012,0.66827127322672364,,647,0,0.0042285999999999999,0.0001405,awaiting_reoptimization
stage1__V12_M2__f2__300s,514,509,10,10,2,0.44976670835345345,0.45046837248505012,0.66827127322672364,0.66847720081401329,,,0.0042285999999999999,0.0001405,passed
stage1__V12_M2__f2__300s,208,202,10,10,1,0.44555672356387355,0.44625838769547016,0.66642148930334522,,647,0,0.0042128000000000001,0.00015990000000000001,awaiting_reoptimization
stage1__V12_M2__f2__300s,208,202,10,10,2,0.44555672356387355,0.44625838769547016,0.66642148930334522,0.66663178525886602,,,0.0042128000000000001,0.00015990000000000001,passed
stage1__V12_M2__f2__300s,207,202,10,10,1,0.44485505943227688,0.44555672356387355,0.6662621544848023,,647,0,0.0042541000000000002,0.00022359999999999999,awaiting_reoptimization
stage1__V12_M2__f2__300s,207,202,10,10,2,0.44485505943227688,0.44555672356387355,0.6662621544848023,0.66632583716273264,,,0.0042541000000000002,0.00022359999999999999,passed
stage1__V12_M2__f2__300s,203,200,9,9,1,0.44625838769547016,0.44766171595866344,0.66674986379706147,,647,0,0.0043055000000000003,0.00015579999999999999,awaiting_reoptimization
stage1__V12_M2__f2__300s,203,200,9,9,2,0.44625838769547016,0.44766171595866344,0.66674986379706147,0.66687531392269894,,,0.0043055000000000003,0.00015579999999999999,passed
stage1__V12_M2__f2__300s,671,203,10,10,1,0.44625838769547016,0.44696005182706677,0.66687531392269883,,647,0,0.0045656999999999998,0.00014119999999999999,awaiting_reoptimization
stage1__V12_M2__f2__300s,671,203,10,10,2,0.44625838769547016,0.44696005182706677,0.66687531392269883,0.66693860254076509,,,0.0045656999999999998,0.00014119999999999999,passed
stage1__V12_M2__f2__300s,204,200,9,9,1,0.44766171595866344,0.44906504422185678,0.66707453047202669,,647,0,0.0041954999999999996,0.00013789999999999999,awaiting_reoptimization
stage1__V12_M2__f2__300s,204,200,9,9,2,0.44766171595866344,0.44906504422185678,0.66707453047202669,0.66748975301086566,,,0.0041954999999999996,0.00013789999999999999,passed
stage1__V12_M2__f2__300s,689,204,10,10,1,0.44766171595866344,0.44836338009026011,0.66748975301086433,,647,0,0.0039794000000000001,0.00014129999999999999,awaiting_reoptimization
stage1__V12_M2__f2__300s,689,204,10,10,2,0.44766171595866344,0.44836338009026011,0.66748975301086433,0.66755177268970223,,,0.0039794000000000001,0.00014129999999999999,passed
stage1__V12_M2__f2__300s,690,204,10,10,1,0.44836338009026011,0.44906504422185678,0.66765219979447477,,647,0,0.0040197999999999996,0.0001382,awaiting_reoptimization
stage1__V12_M2__f2__300s,690,204,10,10,2,0.44836338009026011,0.44906504422185678,0.66765219979447477,0.667859554997833,,,0.0040197999999999996,0.0001382,passed
stage1__V12_M2__f2__300s,672,203,10,10,1,0.44696005182706677,0.44766171595866344,0.66703556457300006,,647,0,0.0040255999999999998,0.000137,awaiting_reoptimization
stage1__V12_M2__f2__300s,672,203,10,10,2,0.44696005182706677,0.44766171595866344,0.66703556457300006,0.66724475243096859,,,0.0040255999999999998,0.000137,passed
stage1__V12_M2__f2__300s,504,499,7,7,1,0.45467835727463002,0.4602916703274032,0.67010756591510523,,647,0,0.0041957000000000001,0.00015249999999999999,awaiting_reoptimization
stage1__V12_M2__f2__300s,504,499,7,7,2,0.45467835727463002,0.4602916703274032,0.67010756591510523,0.67114405406657451,,,0.0041957000000000001,0.00015249999999999999,passed
stage1__V12_M2__f2__300s,791,504,8,8,1,0.45467835727463002,0.45748501380101658,0.67114405406657451,,647,0,0.0063201000000000004,0.00014679999999999999,awaiting_reoptimization
stage1__V12_M2__f2__300s,791,504,8,8,2,0.45467835727463002,0.45748501380101658,0.67114405406657451,0.67123217142478797,,,0.0063201000000000004,0.00014679999999999999,passed
stage1__V12_M2__f2__300s,793,791,9,9,1,0.45467835727463002,0.4560816855378233,0.67123217142478786,,647,0,0.0041790999999999998,0.0001393,awaiting_reoptimization
stage1__V12_M2__f2__300s,793,791,9,9,2,0.45467835727463002,0.4560816855378233,0.67123217142478786,0.67127929617445781,,,0.0041790999999999998,0.0001393,passed
stage1__V12_M2__f2__300s,794,791,9,9,1,0.4560816855378233,0.45748501380101658,0.67195077833437211,,647,0,0.0040990999999999996,0.00014129999999999999,awaiting_reoptimization
stage1__V12_M2__f2__300s,794,791,9,9,2,0.4560816855378233,0.45748501380101658,0.67195077833437211,0.67220946311886731,,,0.0040990999999999996,0.00014129999999999999,passed
stage1__V12_M2__f2__300s,795,793,10,10,1,0.45467835727463002,0.45538002140622669,0.6712792961744577,,647,0,0.0040508999999999996,0.0001392,awaiting_reoptimization
stage1__V12_M2__f2__300s,795,793,10,10,2,0.45467835727463002,0.45538002140622669,0.6712792961744577,0.6713028800397487,,,0.0040508999999999996,0.0001392,passed
stage1__V12_M2__f2__300s,796,793,10,10,1,0.45538002140622669,0.4560816855378233,0.67161847689776044,,647,0,0.004058,0.00013630000000000001,awaiting_reoptimization
stage1__V12_M2__f2__300s,796,793,10,10,2,0.45538002140622669,0.4560816855378233,0.67161847689776044,0.67175459034706675,,,0.004058,0.00013630000000000001,passed
stage1__V12_M2__f2__300s,516,510,10,10,1,0.45117003661664679,0.4518717007482434,0.66891618483858384,,647,0,0.0041085999999999996,0.00015449999999999999,awaiting_reoptimization
stage1__V12_M2__f2__300s,516,510,10,10,2,0.45117003661664679,0.4518717007482434,0.66891618483858384,0.66909686598082274,,,0.0041085999999999996,0.00015449999999999999,passed
stage1__V12_M2__f2__300s,515,510,10,10,1,0.45046837248505012,0.45117003661664679,0.66872684320274833,,647,0,0.0040201999999999998,0.00013889999999999999,awaiting_reoptimization
stage1__V12_M2__f2__300s,515,510,10,10,2,0.45046837248505012,0.45117003661664679,0.66872684320274833,0.66878651547522283,,,0.0040201999999999998,0.00013889999999999999,passed
stage1__V12_M2__f2__300s,512,508,9,9,1,0.45327502901143668,0.45467835727463002,0.67008711496752893,,647,0,0.0041539000000000003,0.00015870000000000001,awaiting_reoptimization
stage1__V12_M2__f2__300s,512,508,9,9,2,0.45327502901143668,0.45467835727463002,0.67008711496752893,0.67037954267945787,,,0.0041539000000000003,0.00015870000000000001,passed
stage1__V12_M2__f2__300s,1087,512,10,10,1,0.45327502901143668,0.45397669314303335,0.67037954267945254,,647,0,0.0039585000000000002,0.0001405,awaiting_reoptimization
stage1__V12_M2__f2__300s,1087,512,10,10,2,0.45327502901143668,0.45397669314303335,0.67037954267945254,0.67040334723045281,,,0.0039585000000000002,0.0001405,passed
stage1__V12_M2__f2__300s,1088,512,10,10,1,0.45397669314303335,0.45467835727463002,0.67070679049121829,,647,0,0.0040518000000000004,0.0001382,awaiting_reoptimization
stage1__V12_M2__f2__300s,1088,512,10,10,2,0.45397669314303335,0.45467835727463002,0.67070679049121829,0.67085252954957997,,,0.0040518000000000004,0.0001382,passed
stage1__V12_M2__f2__300s,511,508,9,9,1,0.4518717007482434,0.45327502901143668,0.66943613405778002,,647,0,0.0040410999999999997,0.00014009999999999999,awaiting_reoptimization
stage1__V12_M2__f2__300s,511,508,9,9,2,0.4518717007482434,0.45327502901143668,0.66943613405778002,0.66948506532450258,,,0.0040410999999999997,0.00014009999999999999,passed
stage1__V12_M2__f2__300s,1105,511,10,10,1,0.4518717007482434,0.45257336487984001,0.66948506532450247,,647,0,0.0039677000000000002,0.00013770000000000001,awaiting_reoptimization
stage1__V12_M2__f2__300s,1105,511,10,10,2,0.4518717007482434,0.45257336487984001,0.66948506532450247,0.66950952146009435,,,0.0039677000000000002,0.00013770000000000001,passed
stage1__V12_M2__f2__300s,1106,511,10,10,1,0.45257336487984001,0.45327502901143668,0.6698078844830424,,647,0,0.0040293000000000004,0.00014190000000000001,awaiting_reoptimization
stage1__V12_M2__f2__300s,1106,511,10,10,2,0.45257336487984001,0.45327502901143668,0.6698078844830424,0.66995460234443582,,,0.0040293000000000004,0.00014190000000000001,passed
stage1__V12_M2__f2__300s,792,504,8,8,1,0.45748501380101658,0.4602916703274032,0.6726323886108605,,647,0,0.0041342000000000002,0.00013990000000000001,awaiting_reoptimization
stage1__V12_M2__f2__300s,792,504,8,8,2,0.45748501380101658,0.4602916703274032,0.6726323886108605,0.67314372342988693,,,0.0041342000000000002,0.00013990000000000001,passed
stage1__V12_M2__f2__300s,1273,792,9,9,1,0.45748501380101658,0.45888834206420992,0.67314372342988649,,647,0,0.0040479000000000001,0.0001395,awaiting_reoptimization
stage1__V12_M2__f2__300s,1273,792,9,9,2,0.45748501380101658,0.45888834206420992,0.67314372342988649,0.67317799989787086,,,0.0040479000000000001,0.0001395,passed
stage1__V12_M2__f2__300s,1274,792,9,9,1,0.45888834206420992,0.4602916703274032,0.67389479790659024,,647,0,0.0043153999999999996,0.0001474,awaiting_reoptimization
stage1__V12_M2__f2__300s,1274,792,9,9,2,0.45888834206420992,0.4602916703274032,0.67389479790659024,0.67415026901883279,,,0.0043153999999999996,0.0001474,passed
stage1__V12_M2__f2__300s,1275,1273,10,10,1,0.45748501380101658,0.45818667793261325,0.67317799989787086,,647,0,0.0040831000000000001,0.00013770000000000001,awaiting_reoptimization
stage1__V12_M2__f2__300s,1275,1273,10,10,2,0.45748501380101658,0.45818667793261325,0.67317799989787086,0.67319513820564114,,,0.0040831000000000001,0.00013770000000000001,passed
stage1__V12_M2__f2__300s,1276,1273,10,10,1,0.45818667793261325,0.45888834206420992,0.67355333567741693,,647,0,0.0046438,0.00013990000000000001,awaiting_reoptimization
stage1__V12_M2__f2__300s,1276,1273,10,10,2,0.45818667793261325,0.45888834206420992,0.67355333567741693,0.67368120163964118,,,0.0046438,0.00013990000000000001,passed
stage1__V12_M2__f2__300s,798,794,10,10,1,0.45678334966941991,0.45748501380101658,0.67258114918792855,,647,0,0.0041247000000000002,0.00016540000000000001,awaiting_reoptimization
stage1__V12_M2__f2__300s,798,794,10,10,2,0.45678334966941991,0.45748501380101658,0.67258114918792855,0.67271039801038113,,,0.0041247000000000002,0.00016540000000000001,passed
stage1__V12_M2__f2__300s,797,794,10,10,1,0.4560816855378233,0.45678334966941991,0.6722094631188672,,647,0,0.0042389000000000003,0.0001405,awaiting_reoptimization
stage1__V12_M2__f2__300s,797,794,10,10,2,0.4560816855378233,0.45678334966941991,0.6722094631188672,0.67222761195109337,,,0.0042389000000000003,0.0001405,passed
stage1__V12_M2__f2__300s,1278,1274,10,10,1,0.45959000619580659,0.4602916703274032,0.67452600204140689,,647,0,0.0041437000000000002,0.0001427,awaiting_reoptimization
stage1__V12_M2__f2__300s,1278,1274,10,10,2,0.45959000619580659,0.4602916703274032,0.67452600204140689,0.6746536885638339,,,0.0041437000000000002,0.0001427,passed
stage1__V12_M2__f2__300s,1277,1274,10,10,1,0.45888834206420992,0.45959000619580659,0.67415026901883257,,647,0,0.0041377999999999996,0.00016650000000000001,awaiting_reoptimization
stage1__V12_M2__f2__300s,1277,1274,10,10,2,0.45888834206420992,0.45959000619580659,0.67415026901883257,0.67416738512578678,,,0.0041377999999999996,0.00016650000000000001,passed
stage1__V12_M2__f2__300s,506,500,7,7,1,0.46590498338017639,0.47151829643294962,0.67852493093408328,,647,0,0.0041815999999999997,0.0001506,awaiting_reoptimization
stage1__V12_M2__f2__300s,506,500,7,7,2,0.46590498338017639,0.47151829643294962,0.67852493093408328,0.67930033539503643,,,0.0041815999999999997,0.0001506,passed
stage1__V12_M2__f2__300s,1865,506,8,8,1,0.46590498338017639,0.468711639906563,0.67930033539503676,,647,0,0.0040168000000000001,0.00013349999999999999,awaiting_reoptimization
stage1__V12_M2__f2__300s,1865,506,8,8,2,0.46590498338017639,0.468711639906563,0.67930033539503676,0.67932345043151487,,,0.0040168000000000001,0.00013349999999999999,passed
stage1__V12_M2__f2__300s,1867,1865,9,9,1,0.46590498338017639,0.46730831164336972,0.6793234504315151,,647,0,0.0040049999999999999,0.00013850000000000001,awaiting_reoptimization
stage1__V12_M2__f2__300s,1867,1865,9,9,2,0.46590498338017639,0.46730831164336972,0.6793234504315151,0.6793350441959265,,,0.0040049999999999999,0.00013850000000000001,passed
stage1__V12_M2__f2__300s,1869,1867,10,10,1,0.46590498338017639,0.46660664751177305,0.6793350441959265,,647,0,0.0040603999999999996,0.00013579999999999999,awaiting_reoptimization
stage1__V12_M2__f2__300s,1869,1867,10,10,2,0.46590498338017639,0.46660664751177305,0.6793350441959265,0.67934084103218129,,,0.0040603999999999996,0.00013579999999999999,passed
stage1__V12_M2__f2__300s,505,500,7,7,1,0.4602916703274032,0.46590498338017639,0.67499546468617422,,647,0,0.0041183000000000001,0.0001372,awaiting_reoptimization
stage1__V12_M2__f2__300s,505,500,7,7,2,0.4602916703274032,0.46590498338017639,0.67499546468617422,0.67509874128655667,,,0.0041183000000000001,0.0001372,passed
stage1__V12_M2__f2__300s,1875,505,8,8,1,0.4602916703274032,0.46309832685378982,0.67509874128655678,,647,0,0.0039952,0.0001317,awaiting_reoptimization
stage1__V12_M2__f2__300s,1875,505,8,8,2,0.4602916703274032,0.46309832685378982,0.67509874128655678,0.67515650116257153,,,0.0039952,0.0001317,passed
stage1__V12_M2__f2__300s,1877,1875,9,9,1,0.4602916703274032,0.46169499859059648,0.67515650116257153,,647,0,0.0039988999999999997,0.00013449999999999999,awaiting_reoptimization
stage1__V12_M2__f2__300s,1877,1875,9,9,2,0.4602916703274032,0.46169499859059648,0.67515650116257153,0.6751908587341775,,,0.0039988999999999997,0.00013449999999999999,passed
stage1__V12_M2__f2__300s,1879,1877,10,10,1,0.4602916703274032,0.46099333445899981,0.67519085873417761,,647,0,0.0039829000000000002,0.00013459999999999999,awaiting_reoptimization
stage1__V12_M2__f2__300s,1879,1877,10,10,2,0.4602916703274032,0.46099333445899981,0.67519085873417761,0.67520803745162017,,,0.0039829000000000002,0.00013459999999999999,passed
stage1__V12_M2__f2__300s,1880,1877,10,10,1,0.46099333445899981,0.46169499859059648,0.67558208634559225,,647,0,0.0041253000000000001,0.000135,awaiting_reoptimization
stage1__V12_M2__f2__300s,1880,1877,10,10,2,0.46099333445899981,0.46169499859059648,0.67558208634559225,0.67569842993282059,,,0.0041253000000000001,0.000135,passed
stage1__V12_M2__f2__300s,1876,505,8,8,1,0.46309832685378982,0.46590498338017639,0.67674193280974249,,647,0,0.0040736000000000001,0.00013669999999999999,awaiting_reoptimization
stage1__V12_M2__f2__300s,1876,505,8,8,2,0.46309832685378982,0.46590498338017639,0.67674193280974249,0.67718815153480771,,,0.0040736000000000001,0.00013669999999999999,passed
stage1__V12_M2__f2__300s,1911,1876,9,9,1,0.46309832685378982,0.4645016551169831,0.67718815153480971,,647,0,0.0042319000000000002,0.000135,awaiting_reoptimization
stage1__V12_M2__f2__300s,1911,1876,9,9,2,0.46309832685378982,0.4645016551169831,0.67718815153480971,0.67721391031081013,,,0.0042319000000000002,0.000135,passed
stage1__V12_M2__f2__300s,1913,1911,10,10,1,0.46309832685378982,0.46379999098538649,0.67721391031080991,,647,0,0.0047631000000000001,0.00014129999999999999,awaiting_reoptimization
stage1__V12_M2__f2__300s,1913,1911,10,10,2,0.46309832685378982,0.46379999098538649,0.67721391031080991,0.67722678981735662,,,0.0047631000000000001,0.00014129999999999999,passed
stage1__V12_M2__f2__300s,1878,1875,9,9,1,0.46169499859059648,0.46309832685378982,0.67596247955440392,,647,0,0.0040777000000000001,0.0001417,awaiting_reoptimization
stage1__V12_M2__f2__300s,1878,1875,9,9,2,0.46169499859059648,0.46309832685378982,0.67596247955440392,0.67619487399674683,,,0.0040777000000000001,0.0001417,passed
stage1__V12_M2__f2__300s,1993,1878,10,10,1,0.46169499859059648,0.46239666272219315,0.6761948739967435,,647,0,0.0040099999999999997,0.00013439999999999999,awaiting_reoptimization
stage1__V12_M2__f2__300s,1993,1878,10,10,2,0.46169499859059648,0.46239666272219315,0.6761948739967435,0.67620776587526343,,,0.0040099999999999997,0.00013439999999999999,passed
stage1__V12_M2__f2__300s,1994,1878,10,10,1,0.46239666272219315,0.46309832685378982,0.67660107480632925,,647,0,0.0042164999999999998,0.00013779999999999999,awaiting_reoptimization
stage1__V12_M2__f2__300s,1994,1878,10,10,2,0.46239666272219315,0.46309832685378982,0.67660107480632925,0.67671724515963028,,,0.0042164999999999998,0.00013779999999999999,passed
stage1__V12_M2__f2__300s,1912,1876,9,9,1,0.4645016551169831,0.46590498338017639,0.67804411921741659,,647,0,0.0040889000000000003,0.00013899999999999999,awaiting_reoptimization
stage1__V12_M2__f2__300s,1912,1876,9,9,2,0.4645016551169831,0.46590498338017639,0.67804411921741659,0.67825762482022667,,,0.0040889000000000003,0.00013899999999999999,passed
stage1__V12_M2__f2__300s,2333,1912,10,10,1,0.4645016551169831,0.46520331924857972,0.67825762482022667,,647,0,0.0040490999999999999,0.00013569999999999999,awaiting_reoptimization
stage1__V12_M2__f2__300s,2333,1912,10,10,2,0.4645016551169831,0.46520331924857972,0.67825762482022667,0.67825762482022667,,,0.0040490999999999999,0.00013569999999999999,passed
stage1__V12_M2__f2__300s,2334,1912,10,10,1,0.46520331924857972,0.46590498338017639,0.67869530961515478,,647,0,0.0043093999999999997,0.00013850000000000001,awaiting_reoptimization
stage1__V12_M2__f2__300s,2334,1912,10,10,2,0.46520331924857972,0.46590498338017639,0.67869530961515478,0.67879859336502313,,,0.0043093999999999997,0.00013850000000000001,passed
stage1__V12_M2__f2__300s,1914,1911,10,10,1,0.46379999098538649,0.4645016551169831,0.67762033177812264,,647,0,0.0040604999999999999,0.0001361,awaiting_reoptimization
stage1__V12_M2__f2__300s,1914,1911,10,10,2,0.46379999098538649,0.4645016551169831,0.67762033177812264,0.67774662627788407,,,0.0040604999999999999,0.0001361,passed
stage1__V12_M2__f2__300s,1866,506,8,8,1,0.468711639906563,0.47151829643294962,0.68113325563777571,,647,0,0.0040987000000000003,0.000134,awaiting_reoptimization
stage1__V12_M2__f2__300s,1866,506,8,8,2,0.468711639906563,0.47151829643294962,0.68113325563777571,0.68154109806843177,,,0.0040987000000000003,0.000134,passed
stage1__V12_M2__f2__300s,2761,1866,9,9,1,0.468711639906563,0.47011496816975629,0.68154109806843177,,647,0,0.0039721000000000001,0.00013339999999999999,awaiting_reoptimization
stage1__V12_M2__f2__300s,2761,1866,9,9,1,0.468711639906563,0.47011496816975629,0.68154109806843177,0.68154109806843177,,,0.0039721000000000001,0.00013339999999999999,passed_at_branching_context
stage1__V12_M2__f2__300s,2762,1866,9,9,1,0.47011496816975629,0.47151829643294962,0.68243947577401032,,647,0,0.0040645000000000004,0.000136,awaiting_reoptimization
stage1__V12_M2__f2__300s,2762,1866,9,9,2,0.47011496816975629,0.47151829643294962,0.68243947577401032,0.68263953596803018,,,0.0040645000000000004,0.000136,passed
stage1__V12_M2__f2__300s,2763,2761,10,10,1,0.468711639906563,0.46941330403815962,0.68154109806843177,,647,0,0.0040867000000000004,0.00013559999999999999,awaiting_reoptimization
stage1__V12_M2__f2__300s,2763,2761,10,10,1,0.468711639906563,0.46941330403815962,0.68154109806843177,0.68154109806843177,,,0.0040867000000000004,0.00013559999999999999,passed_at_branching_context
stage1__V12_M2__f2__300s,2764,2761,10,10,1,0.46941330403815962,0.47011496816975629,0.68198747865784504,,647,0,0.0040584000000000002,0.0001337,awaiting_reoptimization
stage1__V12_M2__f2__300s,2764,2761,10,10,2,0.46941330403815962,0.47011496816975629,0.68198747865784504,0.68208983965457548,,,0.0040584000000000002,0.0001337,passed
stage1__V12_M2__f2__300s,1868,1865,9,9,1,0.46730831164336972,0.468711639906563,0.68023831032749749,,647,0,0.0041482000000000003,0.00014200000000000001,awaiting_reoptimization
stage1__V12_M2__f2__300s,1868,1865,9,9,2,0.46730831164336972,0.468711639906563,0.68023831032749749,0.68044374212108316,,,0.0041482000000000003,0.00014200000000000001,passed
stage1__V12_M2__f2__300s,2835,1868,10,10,1,0.46730831164336972,0.46800997577496639,0.68044374212108316,,647,0,0.0040368000000000001,0.00013540000000000001,awaiting_reoptimization
stage1__V12_M2__f2__300s,2835,1868,10,10,1,0.46730831164336972,0.46800997577496639,0.68044374212108316,0.68044374212108316,,,0.0040368000000000001,0.00013540000000000001,passed_at_branching_context
stage1__V12_M2__f2__300s,1870,1867,10,10,1,0.46660664751177305,0.46730831164336972,0.67979236362413809,,647,0,0.0040695999999999996,0.0001407,awaiting_reoptimization
stage1__V12_M2__f2__300s,1870,1867,10,10,2,0.46660664751177305,0.46730831164336972,0.67979236362413809,0.6798951277951647,,,0.0040695999999999996,0.0001407,passed
stage1__V12_M2__f2__300s,2836,1868,10,10,1,0.46800997577496639,0.468711639906563,0.68089692071616037,,647,0,0.0041104999999999996,0.00013909999999999999,awaiting_reoptimization
stage1__V12_M2__f2__300s,2836,1868,10,10,2,0.46800997577496639,0.468711639906563,0.68089692071616037,0.68099984116112511,,,0.0041104999999999996,0.00013909999999999999,passed
stage1__V12_M2__f2__300s,2766,2762,10,10,1,0.47081663230135296,0.47151829643294962,0.68309657813717595,,647,0,0.0041511999999999999,0.00013860000000000001,awaiting_reoptimization
stage1__V12_M2__f2__300s,2766,2762,10,10,2,0.47081663230135296,0.47151829643294962,0.68309657813717595,0.68319714881009785,,,0.0041511999999999999,0.00013860000000000001,passed
stage1__V12_M2__f2__300s,2765,2762,10,10,1,0.47011496816975629,0.47081663230135296,0.68264654233837496,,647,0,0.0042792999999999998,0.00013650000000000001,awaiting_reoptimization
stage1__V12_M2__f2__300s,2765,2762,10,10,1,0.47011496816975629,0.47081663230135296,0.68264654233837496,0.68264654233837496,,,0.0042792999999999998,0.00013650000000000001,passed_at_branching_context
stage1__V12_M2__f2__300s,501,498,6,6,1,0.47151829643294962,0.48274492253849605,0.68374897539628499,,647,0,0.0042208000000000002,0.00014410000000000001,awaiting_reoptimization
stage1__V12_M2__f2__300s,501,498,6,6,1,0.47151829643294962,0.48274492253849605,0.68374897539628499,0.68374897539627688,,,0.0042208000000000002,0.00014410000000000001,passed_at_branching_context
stage1__V12_M2__f2__300s,3503,501,7,7,1,0.47151829643294962,0.47713160948572286,0.68374897539627688,,647,0,0.0040193,0.0001383,awaiting_reoptimization
stage1__V12_M2__f2__300s,3503,501,7,7,1,0.47151829643294962,0.47713160948572286,0.68374897539627688,0.68374897539627688,,,0.0040193,0.0001383,passed_at_branching_context
stage1__V12_M2__f2__300s,3504,501,7,7,1,0.47713160948572286,0.48274492253849605,0.68764247059905892,,647,0,0.0042318,0.00014860000000000001,awaiting_reoptimization
stage1__V12_M2__f2__300s,3504,501,7,7,2,0.47713160948572286,0.48274492253849605,0.68764247059905892,0.68830817696366609,,,0.0042318,0.00014860000000000001,passed
stage1__V12_M2__f2__300s,3505,3503,8,8,1,0.47151829643294962,0.47432495295933624,0.68374897539627688,,647,0,0.0041159999999999999,0.00014210000000000001,awaiting_reoptimization
stage1__V12_M2__f2__300s,3505,3503,8,8,1,0.47151829643294962,0.47432495295933624,0.68374897539627688,0.68374897539627688,,,0.0041159999999999999,0.00014210000000000001,passed_at_branching_context
stage1__V12_M2__f2__300s,3506,3503,8,8,1,0.47432495295933624,0.47713160948572286,0.68566655920521391,,647,0,0.0041849000000000001,0.00014440000000000001,awaiting_reoptimization
stage1__V12_M2__f2__300s,3506,3503,8,8,2,0.47432495295933624,0.47713160948572286,0.68566655920521391,0.68600447282156207,,,0.0041849000000000001,0.00014440000000000001,passed
stage1__V12_M2__f2__300s,3509,3505,9,9,1,0.47151829643294962,0.47292162469614296,0.68374897539627688,,647,0,0.0040463000000000001,0.00013899999999999999,awaiting_reoptimization
stage1__V12_M2__f2__300s,3509,3505,9,9,1,0.47151829643294962,0.47292162469614296,0.68374897539627688,0.68374897539627688,,,0.0040463000000000001,0.00013899999999999999,passed_at_branching_context
stage1__V12_M2__f2__300s,3510,3505,9,9,1,0.47292162469614296,0.47432495295933624,0.68468605249241865,,647,0,0.0040745,0.00014109999999999999,awaiting_reoptimization
stage1__V12_M2__f2__300s,3510,3505,9,9,2,0.47292162469614296,0.47432495295933624,0.68468605249241865,0.68486549603891911,,,0.0040745,0.00014109999999999999,passed
stage1__V12_M2__f2__300s,3513,3509,10,10,1,0.47151829643294962,0.47221996056454629,0.68374897539627688,,647,0,0.0040542,0.00013909999999999999,awaiting_reoptimization
stage1__V12_M2__f2__300s,3513,3509,10,10,1,0.47151829643294962,0.47221996056454629,0.68374897539627688,0.68374897539627688,,,0.0040542,0.00013909999999999999,passed_at_branching_context
stage1__V12_M2__f2__300s,3514,3509,10,10,1,0.47221996056454629,0.47292162469614296,0.68421045427220673,,647,0,0.0041057999999999997,0.00014229999999999999,awaiting_reoptimization
stage1__V12_M2__f2__300s,3514,3509,10,10,2,0.47221996056454629,0.47292162469614296,0.68421045427220673,0.68430612867566376,,,0.0041057999999999997,0.00014229999999999999,passed
stage1__V12_M2__f2__300s,502,498,6,6,1,0.48274492253849605,0.49397154864404247,0.69185813493064863,,647,0,0.0040984000000000003,0.00013750000000000001,awaiting_reoptimization
stage1__V12_M2__f2__300s,502,498,6,6,2,0.48274492253849605,0.49397154864404247,0.69185813493064863,0.6929328410453276,,,0.0040984000000000003,0.00013750000000000001,passed
stage1__V12_M2__f2__300s,3575,502,7,7,1,0.48274492253849605,0.48835823559126923,0.6929328410453276,,647,0,0.0040508000000000002,0.00013889999999999999,awaiting_reoptimization
stage1__V12_M2__f2__300s,3575,502,7,7,1,0.48274492253849605,0.48835823559126923,0.6929328410453276,0.6929328410453276,,,0.0040508000000000002,0.00013889999999999999,passed_at_branching_context
stage1__V12_M2__f2__300s,3576,502,7,7,1,0.48835823559126923,0.49397154864404247,0.69723479503101626,,647,0,0.0040603000000000002,0.0001362,awaiting_reoptimization
stage1__V12_M2__f2__300s,3576,502,7,7,2,0.48835823559126923,0.49397154864404247,0.69723479503101626,0.6977340502767696,,,0.0040603000000000002,0.0001362,passed
stage1__V12_M2__f2__300s,3577,3575,8,8,1,0.48274492253849605,0.48555157906488267,0.6929328410453276,,647,0,0.0041951000000000002,0.00013889999999999999,awaiting_reoptimization
stage1__V12_M2__f2__300s,3577,3575,8,8,1,0.48274492253849605,0.48555157906488267,0.6929328410453276,0.6929328410453276,,,0.0041951000000000002,0.00013889999999999999,passed_at_branching_context
stage1__V12_M2__f2__300s,3578,3575,8,8,1,0.48555157906488267,0.48835823559126923,0.69505085212627049,,647,0,0.0041625000000000004,0.00014119999999999999,awaiting_reoptimization
stage1__V12_M2__f2__300s,3578,3575,8,8,2,0.48555157906488267,0.48835823559126923,0.69505085212627049,0.6953102190355458,,,0.0041625000000000004,0.00014119999999999999,passed
stage1__V12_M2__f2__300s,3581,3577,9,9,1,0.48274492253849605,0.48414825080168933,0.6929328410453276,,647,0,0.0040197999999999996,0.00013880000000000001,awaiting_reoptimization
stage1__V12_M2__f2__300s,3581,3577,9,9,1,0.48274492253849605,0.48414825080168933,0.6929328410453276,0.6929328410453276,,,0.0040197999999999996,0.00013880000000000001,passed_at_branching_context
stage1__V12_M2__f2__300s,3582,3577,9,9,1,0.48414825080168933,0.48555157906488267,0.6939709701472957,,647,0,0.0041955999999999999,0.0001405,awaiting_reoptimization
stage1__V12_M2__f2__300s,3582,3577,9,9,2,0.48414825080168933,0.48555157906488267,0.6939709701472957,0.69411568471443807,,,0.0041955999999999999,0.0001405,passed
stage1__V12_M2__f2__300s,3585,3581,10,10,1,0.48274492253849605,0.48344658667009266,0.6929328410453276,,647,0,0.0040768000000000002,0.00013960000000000001,awaiting_reoptimization
stage1__V12_M2__f2__300s,3585,3581,10,10,1,0.48274492253849605,0.48344658667009266,0.6929328410453276,0.6929328410453276,,,0.0040768000000000002,0.00013960000000000001,passed_at_branching_context
stage1__V12_M2__f2__300s,3586,3581,10,10,1,0.48344658667009266,0.48414825080168933,0.69344924135893338,,647,0,0.0040419000000000002,0.00014009999999999999,awaiting_reoptimization
stage1__V12_M2__f2__300s,3586,3581,10,10,2,0.48344658667009266,0.48414825080168933,0.69344924135893338,0.69352177077921107,,,0.0040419000000000002,0.00014009999999999999,passed
stage1__V12_M2__f2__300s,3516,3510,10,10,1,0.47362328882773963,0.47432495295933624,0.68534460956981225,,647,0,0.0040898999999999996,0.00013630000000000001,awaiting_reoptimization
stage1__V12_M2__f2__300s,3516,3510,10,10,2,0.47362328882773963,0.47432495295933624,0.68534460956981225,0.68543255429274796,,,0.0040898999999999996,0.00013630000000000001,passed
stage1__V12_M2__f2__300s,3515,3510,10,10,1,0.47292162469614296,0.47362328882773963,0.68486549603891911,,647,0,0.0044923000000000003,0.00013870000000000001,awaiting_reoptimization
stage1__V12_M2__f2__300s,3515,3510,10,10,1,0.47292162469614296,0.47362328882773963,0.68486549603891911,0.68486549603891911,,,0.0044923000000000003,0.00013870000000000001,passed_at_branching_context
stage1__V12_M2__f2__300s,3512,3506,9,9,1,0.47572828122252953,0.47713160948572286,0.68698710274486785,,647,0,0.004274,0.00014459999999999999,awaiting_reoptimization
stage1__V12_M2__f2__300s,3512,3506,9,9,2,0.47572828122252953,0.47713160948572286,0.68698710274486785,0.68715621001207472,,,0.004274,0.00014459999999999999,passed
stage1__V12_M2__f2__300s,4059,3512,10,10,1,0.47572828122252953,0.47642994535412619,0.68715621001207472,,647,0,0.0041459000000000001,0.000146,awaiting_reoptimization
stage1__V12_M2__f2__300s,4059,3512,10,10,1,0.47572828122252953,0.47642994535412619,0.68715621001207472,0.68715621001207361,,,0.0041459000000000001,0.000146,passed_at_branching_context
stage1__V12_M2__f2__300s,3511,3506,9,9,1,0.47432495295933624,0.47572828122252953,0.68600447282156196,,647,0,0.0041181999999999998,0.0001428,awaiting_reoptimization
stage1__V12_M2__f2__300s,3511,3506,9,9,1,0.47432495295933624,0.47572828122252953,0.68600447282156196,0.68600447282156196,,,0.0041181999999999998,0.0001428,passed_at_branching_context
stage1__V12_M2__f2__300s,4107,3511,10,10,1,0.47432495295933624,0.47502661709093286,0.68600447282156196,,647,0,0.0040133,0.0001416,awaiting_reoptimization
stage1__V12_M2__f2__300s,4107,3511,10,10,1,0.47432495295933624,0.47502661709093286,0.68600447282156196,0.68600447282156196,,,0.0040133,0.0001416,passed_at_branching_context
stage1__V12_M2__f2__300s,4108,3511,10,10,1,0.47502661709093286,0.47572828122252953,0.68649591636040797,,647,0,0.0041124999999999998,0.00014420000000000001,awaiting_reoptimization
stage1__V12_M2__f2__300s,4108,3511,10,10,2,0.47502661709093286,0.47572828122252953,0.68649591636040797,0.68658037736019384,,,0.0041124999999999998,0.00014420000000000001,passed
stage1__V12_M2__f2__300s,4060,3512,10,10,1,0.47642994535412619,0.47713160948572286,0.68764747017466143,,647,0,0.0041009999999999996,0.00014239999999999999,awaiting_reoptimization
stage1__V12_M2__f2__300s,4060,3512,10,10,2,0.47642994535412619,0.47713160948572286,0.68764747017466143,0.68773197071554915,,,0.0041009999999999996,0.00014239999999999999,passed
stage1__V12_M2__f2__300s,3507,3504,8,8,1,0.47713160948572286,0.47993826601210943,0.68830818110127268,,647,0,0.0040962999999999998,0.0001428,awaiting_reoptimization
stage1__V12_M2__f2__300s,3507,3504,8,8,1,0.47713160948572286,0.47993826601210943,0.68830818110127268,0.68830818110127279,,,0.0040962999999999998,0.0001428,passed_at_branching_context
stage1__V12_M2__f2__300s,4847,3507,9,9,1,0.47713160948572286,0.47853493774891614,0.68830818110127279,,647,0,0.0040504,0.00013850000000000001,awaiting_reoptimization
stage1__V12_M2__f2__300s,4847,3507,9,9,1,0.47713160948572286,0.47853493774891614,0.68830818110127279,0.68830818110127279,,,0.0040504,0.00013850000000000001,passed_at_branching_context
stage1__V12_M2__f2__300s,4849,4847,10,10,1,0.47713160948572286,0.47783327361731953,0.68830818110127279,,647,0,0.0043537999999999997,0.00014310000000000001,awaiting_reoptimization
stage1__V12_M2__f2__300s,4849,4847,10,10,1,0.47713160948572286,0.47783327361731953,0.68830818110127279,0.68830818110127279,,,0.0043537999999999997,0.00014310000000000001,passed_at_branching_context
stage1__V12_M2__f2__300s,3508,3504,8,8,1,0.47993826601210943,0.48274492253849605,0.69028694327474527,,647,0,0.0044228999999999996,0.00013990000000000001,awaiting_reoptimization
stage1__V12_M2__f2__300s,3508,3504,8,8,2,0.47993826601210943,0.48274492253849605,0.69028694327474527,0.69061961302555153,,,0.0044228999999999996,0.00013990000000000001,passed
stage1__V12_M2__f2__300s,4865,3508,9,9,1,0.47993826601210943,0.48134159427530276,0.69061961302555153,,647,0,0.0040511999999999996,0.00014320000000000001,awaiting_reoptimization
stage1__V12_M2__f2__300s,4865,3508,9,9,1,0.47993826601210943,0.48134159427530276,0.69061961302555153,0.69061961302555153,,,0.0040511999999999996,0.00014320000000000001,passed_at_branching_context
stage1__V12_M2__f2__300s,4866,3508,9,9,1,0.48134159427530276,0.48274492253849605,0.6916097583575227,,647,0,0.0043501,0.00014080000000000001,awaiting_reoptimization
stage1__V12_M2__f2__300s,4866,3508,9,9,2,0.48134159427530276,0.48274492253849605,0.6916097583575227,0.69177560792004977,,,0.0043501,0.00014080000000000001,passed
stage1__V12_M2__f2__300s,4867,4865,10,10,1,0.47993826601210943,0.4806399301437061,0.69061961302555153,,647,0,0.0042196999999999998,0.00014119999999999999,awaiting_reoptimization
stage1__V12_M2__f2__300s,4867,4865,10,10,1,0.47993826601210943,0.4806399301437061,0.69061961302555153,0.69061961302555153,,,0.0042196999999999998,0.00014119999999999999,passed_at_branching_context
stage1__V12_M2__f2__300s,4868,4865,10,10,1,0.4806399301437061,0.48134159427530276,0.69111448282700183,,647,0,0.0050184000000000001,0.00014320000000000001,awaiting_reoptimization
stage1__V12_M2__f2__300s,4868,4865,10,10,2,0.4806399301437061,0.48134159427530276,0.69111448282700183,0.69119764645855364,,,0.0050184000000000001,0.00014320000000000001,passed
stage1__V12_M2__f2__300s,4848,3507,9,9,1,0.47853493774891614,0.47993826601210943,0.68929740095592351,,647,0,0.00415,0.00014009999999999999,awaiting_reoptimization
stage1__V12_M2__f2__300s,4848,3507,9,9,2,0.47853493774891614,0.47993826601210943,0.68929740095592351,0.68946364639248758,,,0.00415,0.00014009999999999999,passed
stage1__V12_M2__f2__300s,4925,4848,10,10,1,0.47853493774891614,0.47923660188051276,0.68946364639248769,,647,0,0.0040568000000000002,0.00013569999999999999,awaiting_reoptimization
stage1__V12_M2__f2__300s,4925,4848,10,10,1,0.47853493774891614,0.47923660188051276,0.68946364639248769,0.68946364639248758,,,0.0040568000000000002,0.00013569999999999999,passed_at_branching_context
stage1__V12_M2__f2__300s,4850,4847,10,10,1,0.47783327361731953,0.47853493774891614,0.68880242354575416,,647,0,0.0041349000000000004,0.00013960000000000001,awaiting_reoptimization
stage1__V12_M2__f2__300s,4850,4847,10,10,2,0.47783327361731953,0.47853493774891614,0.68880242354575416,0.68888563939631076,,,0.0041349000000000004,0.00013960000000000001,passed
stage1__V12_M2__f2__300s,4926,4848,10,10,1,0.47923660188051276,0.47993826601210943,0.68995853553421771,,647,0,0.0041397999999999999,0.00014139999999999999,awaiting_reoptimization
stage1__V12_M2__f2__300s,4926,4848,10,10,2,0.47923660188051276,0.47993826601210943,0.68995853553421771,0.69004156995539312,,,0.0041397999999999999,0.00014139999999999999,passed
stage1__V12_M2__f2__300s,4870,4866,10,10,1,0.48204325840689943,0.48274492253849605,0.69227127068226912,,647,0,0.0041222999999999997,0.0001651,awaiting_reoptimization
stage1__V12_M2__f2__300s,4870,4866,10,10,2,0.48204325840689943,0.48274492253849605,0.69227127068226912,0.69235379867891544,,,0.0041222999999999997,0.0001651,passed
stage1__V12_M2__f2__300s,4869,4866,10,10,1,0.48134159427530276,0.48204325840689943,0.69177560792004977,,647,0,0.0043398999999999998,0.0001472,awaiting_reoptimization
stage1__V12_M2__f2__300s,4869,4866,10,10,1,0.48134159427530276,0.48204325840689943,0.69177560792004977,0.69177560792004977,,,0.0043398999999999998,0.0001472,passed_at_branching_context
stage1__V12_M2__f2__300s,3587,3582,10,10,1,0.48414825080168933,0.484849914933286,0.69411568471443796,,647,0,0.0041473999999999999,0.0001518,awaiting_reoptimization
stage1__V12_M2__f2__300s,3587,3582,10,10,1,0.48414825080168933,0.484849914933286,0.69411568471443796,0.69411568471443807,,,0.0041473999999999999,0.0001518,passed_at_branching_context
stage1__V12_M2__f2__300s,3588,3582,10,10,1,0.484849914933286,0.48555157906488267,0.69464015599404916,,647,0,0.0041441000000000004,0.00014669999999999999,awaiting_reoptimization
stage1__V12_M2__f2__300s,3588,3582,10,10,2,0.484849914933286,0.48555157906488267,0.69464015599404916,0.69470979834743385,,,0.0041441000000000004,0.00014669999999999999,passed
stage1__V12_M2__f2__300s,3584,3578,9,9,1,0.48695490732807595,0.48835823559126923,0.69639224892108942,,647,0,0.0048818999999999998,0.00016259999999999999,awaiting_reoptimization
stage1__V12_M2__f2__300s,3584,3578,9,9,2,0.48695490732807595,0.48835823559126923,0.69639224892108942,0.69652037700871905,,,0.0048818999999999998,0.00016259999999999999,passed
stage1__V12_M2__f2__300s,13943,3584,10,10,1,0.48695490732807595,0.48765657145967256,0.69652037700871905,,647,0,0.0046119000000000004,0.00015689999999999999,awaiting_reoptimization
stage1__V12_M2__f2__300s,13943,3584,10,10,1,0.48695490732807595,0.48765657145967256,0.69652037700871905,0.69652037700871905,,,0.0046119000000000004,0.00015689999999999999,passed_at_branching_context
stage1__V12_M2__f2__300s,13944,3584,10,10,1,0.48765657145967256,0.48835823559126923,0.69706314490497301,,647,0,0.0041016999999999998,0.00015660000000000001,awaiting_reoptimization
stage1__V12_M2__f2__300s,13944,3584,10,10,2,0.48765657145967256,0.48835823559126923,0.69706314490497301,0.69712661137033227,,,0.0041016999999999998,0.00015660000000000001,passed
stage1__V12_M2__f2__300s,3583,3578,9,9,1,0.48555157906488267,0.48695490732807595,0.6953102190355458,,647,0,0.0043848999999999997,0.00021440000000000001,awaiting_reoptimization
stage1__V12_M2__f2__300s,3583,3578,9,9,1,0.48555157906488267,0.48695490732807595,0.6953102190355458,0.6953102190355458,,,0.0043848999999999997,0.00021440000000000001,passed_at_branching_context
stage1__V12_M2__f2__300s,13979,3583,10,10,1,0.48555157906488267,0.48625324319647933,0.6953102190355458,,647,0,0.0049258000000000001,0.00015540000000000001,awaiting_reoptimization
stage1__V12_M2__f2__300s,13979,3583,10,10,1,0.48555157906488267,0.48625324319647933,0.6953102190355458,0.6953102190355458,,,0.0049258000000000001,0.00015540000000000001,passed_at_branching_context
stage1__V12_M2__f2__300s,13980,3583,10,10,1,0.48625324319647933,0.48695490732807595,0.69585022695340437,,647,0,0.0043170999999999999,0.00016029999999999999,awaiting_reoptimization
stage1__V12_M2__f2__300s,13980,3583,10,10,2,0.48625324319647933,0.48695490732807595,0.69585022695340437,0.69591528296756666,,,0.0043170999999999999,0.00016029999999999999,passed
stage1__V12_M2__f2__300s,3579,3576,8,8,1,0.48835823559126923,0.49116489211765585,0.69773405027676949,,647,0,0.0047105999999999997,0.00014200000000000001,awaiting_reoptimization
stage1__V12_M2__f2__300s,3579,3576,8,8,1,0.48835823559126923,0.49116489211765585,0.69773405027676949,0.69773405027676949,,,0.0047105999999999997,0.00014200000000000001,passed_at_branching_context
stage1__V12_M2__f2__300s,16751,3579,9,9,1,0.48835823559126923,0.48976156385446257,0.69773405027676949,,647,0,0.0043274999999999997,0.00013530000000000001,awaiting_reoptimization
stage1__V12_M2__f2__300s,16751,3579,9,9,1,0.48835823559126923,0.48976156385446257,0.69773405027676949,0.69773405027676949,,,0.0043274999999999997,0.00013530000000000001,passed_at_branching_context
stage1__V12_M2__f2__300s,16752,3579,9,9,1,0.48976156385446257,0.49116489211765585,0.69882376837857663,,647,0,0.0044387999999999997,0.0001392,awaiting_reoptimization
stage1__V12_M2__f2__300s,16752,3579,9,9,2,0.48976156385446257,0.49116489211765585,0.69882376837857663,0.6989493075499108,,,0.0044387999999999997,0.0001392,passed
stage1__V12_M2__f2__300s,16753,16751,10,10,1,0.48835823559126923,0.4890598997228659,0.69773405027676949,,647,0,0.0041408,0.0001351,awaiting_reoptimization
stage1__V12_M2__f2__300s,16753,16751,10,10,1,0.48835823559126923,0.4890598997228659,0.69773405027676949,0.69773405027676949,,,0.0041408,0.0001351,passed_at_branching_context
stage1__V12_M2__f2__300s,16754,16751,10,10,1,0.4890598997228659,0.48976156385446257,0.69827831593119938,,647,0,0.0043065000000000004,0.000136,awaiting_reoptimization
stage1__V12_M2__f2__300s,16754,16751,10,10,2,0.4890598997228659,0.48976156385446257,0.69827831593119938,0.6983416603628041,,,0.0043065000000000004,0.000136,passed
stage1__V12_M2__f2__300s,3580,3576,8,8,1,0.49116489211765585,0.49397154864404247,0.69992730208264053,,647,0,0.0041821999999999996,0.00014090000000000001,awaiting_reoptimization
stage1__V12_M2__f2__300s,3580,3576,8,8,2,0.49116489211765585,0.49397154864404247,0.69992730208264053,0.70016841187419354,,,0.0041821999999999996,0.00014090000000000001,passed
stage1__V12_M2__f2__300s,16767,3580,9,9,1,0.49116489211765585,0.49256822038084913,0.70016841187419354,,647,0,0.0041035999999999998,0.000137,awaiting_reoptimization
stage1__V12_M2__f2__300s,16767,3580,9,9,1,0.49116489211765585,0.49256822038084913,0.70016841187419354,0.70016841187419354,,,0.0041035999999999998,0.000137,passed_at_branching_context
stage1__V12_M2__f2__300s,16769,16767,10,10,1,0.49116489211765585,0.49186655624925246,0.70016841187419354,,647,0,0.0042500000000000003,0.00013449999999999999,awaiting_reoptimization
stage1__V12_M2__f2__300s,16769,16767,10,10,1,0.49116489211765585,0.49186655624925246,0.70016841187419354,0.70016841187419354,,,0.0042500000000000003,0.00013449999999999999,passed_at_branching_context
stage1__V12_M2__f2__300s,16756,16752,10,10,1,0.49046322798605924,0.49116489211765585,0.69949790286143576,,647,0,0.0042421000000000004,0.0001529,awaiting_reoptimization
stage1__V12_M2__f2__300s,16756,16752,10,10,2,0.49046322798605924,0.49116489211765585,0.69949790286143576,0.6995589957687266,,,0.0042421000000000004,0.0001529,passed
stage1__V12_M2__f2__300s,16755,16752,10,10,1,0.48976156385446257,0.49046322798605924,0.69895006312487928,,647,0,0.0043061000000000002,0.00014559999999999999,awaiting_reoptimization
stage1__V12_M2__f2__300s,16755,16752,10,10,1,0.48976156385446257,0.49046322798605924,0.69895006312487928,0.69895006312487917,,,0.0043061000000000002,0.00014559999999999999,passed_at_branching_context
stage1__V12_M2__f2__300s,16770,16767,10,10,1,0.49186655624925246,0.49256822038084913,0.70072040327281848,,647,0,0.0042766999999999996,0.00015139999999999999,awaiting_reoptimization
stage1__V12_M2__f2__300s,16770,16767,10,10,2,0.49186655624925246,0.49256822038084913,0.70072040327281848,0.70078142125668519,,,0.0042766999999999996,0.00015139999999999999,passed
stage1__V12_M2__f2__300s,16768,3580,9,9,1,0.49256822038084913,0.49397154864404247,0.70127494172653637,,647,0,0.0043116999999999999,0.00016019999999999999,awaiting_reoptimization
stage1__V12_M2__f2__300s,16768,3580,9,9,2,0.49256822038084913,0.49397154864404247,0.70127494172653637,0.70139336915562678,,,0.0043116999999999999,0.00016019999999999999,passed
stage1__V12_M2__f2__300s,19705,16768,10,10,1,0.49256822038084913,0.4932698845124458,0.70139336915562678,,647,0,0.0043049000000000004,0.00014770000000000001,awaiting_reoptimization
stage1__V12_M2__f2__300s,19705,16768,10,10,1,0.49256822038084913,0.4932698845124458,0.70139336915562678,0.70139336915562678,,,0.0043049000000000004,0.00014770000000000001,passed_at_branching_context
stage1__V12_M2__f2__300s,19706,16768,10,10,1,0.4932698845124458,0.49397154864404247,0.70194939153143066,,647,0,0.0042418999999999998,0.00015210000000000001,awaiting_reoptimization
stage1__V12_M2__f2__300s,19706,16768,10,10,2,0.4932698845124458,0.49397154864404247,0.70194939153143066,0.70200675773059196,,,0.0042418999999999998,0.00015210000000000001,passed
stage1__V12_M2__f2__300s,483,478,10,10,1,0.49537487690723575,0.49607654103883236,0.70388133075920845,,647,0,0.0043477000000000003,0.00014880000000000001,awaiting_reoptimization
stage1__V12_M2__f2__300s,483,478,10,10,1,0.49537487690723575,0.49607654103883236,0.70388133075920845,0.70388133075920856,,,0.0043477000000000003,0.00014880000000000001,passed_at_branching_context
stage1__V12_M2__f2__300s,484,478,10,10,1,0.49607654103883236,0.49677820517042903,0.70444539066154099,,647,0,0.0044498999999999997,0.00014579999999999999,awaiting_reoptimization
stage1__V12_M2__f2__300s,484,478,10,10,2,0.49607654103883236,0.49677820517042903,0.70444539066154099,0.70450079086366368,,,0.0044498999999999997,0.00014579999999999999,passed
stage1__V12_M2__f2__300s,480,474,9,9,1,0.49818153343362237,0.49958486169681565,0.70624568919566122,,647,0,0.0041698999999999998,0.0001518,awaiting_reoptimization
stage1__V12_M2__f2__300s,480,474,9,9,2,0.49818153343362237,0.49958486169681565,0.70624568919566122,0.70635991825455879,,,0.0041698999999999998,0.0001518,passed
stage1__V12_M2__f2__300s,24993,480,10,10,1,0.49818153343362237,0.49888319756521904,0.70635991825455879,,647,0,0.0041809000000000004,0.00014799999999999999,awaiting_reoptimization
stage1__V12_M2__f2__300s,24993,480,10,10,1,0.49818153343362237,0.49888319756521904,0.70635991825455879,0.70635991825455879,,,0.0041809000000000004,0.00014799999999999999,passed_at_branching_context
stage1__V12_M2__f2__300s,24994,480,10,10,1,0.49888319756521904,0.49958486169681565,0.70692013829648237,,647,0,0.0046487000000000004,0.00015420000000000001,awaiting_reoptimization
stage1__V12_M2__f2__300s,24994,480,10,10,2,0.49888319756521904,0.49958486169681565,0.70692013829648237,0.70697795467618985,,,0.0046487000000000004,0.00015420000000000001,passed
stage1__V12_M2__f2__300s,479,474,9,9,1,0.49677820517042903,0.49818153343362237,0.70511991005827379,,647,0,0.0043514000000000001,0.0001493,awaiting_reoptimization
stage1__V12_M2__f2__300s,479,474,9,9,1,0.49677820517042903,0.49818153343362237,0.70511991005827379,0.70511991005827379,,,0.0043514000000000001,0.0001493,passed_at_branching_context
stage1__V12_M2__f2__300s,25011,479,10,10,1,0.49677820517042903,0.4974798693020257,0.70511991005827379,,647,0,0.0041773000000000001,0.0001485,awaiting_reoptimization
stage1__V12_M2__f2__300s,25011,479,10,10,1,0.49677820517042903,0.4974798693020257,0.70511991005827379,0.70511991005827379,,,0.0041773000000000001,0.0001485,passed_at_branching_context
stage1__V12_M2__f2__300s,25012,479,10,10,1,0.4974798693020257,0.49818153343362237,0.70568503416245332,,647,0,0.0044270000000000004,0.00014129999999999999,awaiting_reoptimization
stage1__V12_M2__f2__300s,25012,479,10,10,2,0.4974798693020257,0.49818153343362237,0.70568503416245332,0.70574027855388533,,,0.0044270000000000004,0.00014129999999999999,passed
stage1__V12_M2__f2__300s,476,470,8,8,1,0.50239151822320227,0.50519817474958884,0.70981693901818976,,647,0,0.0041640999999999996,0.0001528,awaiting_reoptimization
stage1__V12_M2__f2__300s,476,470,8,8,2,0.50239151822320227,0.50519817474958884,0.70981693901818976,0.71006228761136125,,,0.0041640999999999996,0.0001528,passed
stage1__V12_M2__f2__300s,29867,476,9,9,1,0.50239151822320227,0.5037948464863955,0.71006228761136114,,647,0,0.0043984999999999996,0.00014880000000000001,awaiting_reoptimization
stage1__V12_M2__f2__300s,29867,476,9,9,1,0.50239151822320227,0.5037948464863955,0.71006228761136114,0.71006228761136114,,,0.0043984999999999996,0.00014880000000000001,passed_at_branching_context
stage1__V12_M2__f2__300s,29868,476,9,9,1,0.5037948464863955,0.50519817474958884,0.71116661603831099,,647,0,0.0041181999999999998,0.00015569999999999999,awaiting_reoptimization
stage1__V12_M2__f2__300s,29868,476,9,9,2,0.5037948464863955,0.50519817474958884,0.71116661603831099,0.7112900383313624,,,0.0041181999999999998,0.00015569999999999999,passed
stage1__V12_M2__f2__300s,29869,29867,10,10,1,0.50239151822320227,0.50309318235479883,0.71006228761136114,,647,0,0.0041320000000000003,0.00014559999999999999,awaiting_reoptimization
stage1__V12_M2__f2__300s,29869,29867,10,10,1,0.50239151822320227,0.50309318235479883,0.71006228761136114,0.71006228761136114,,,0.0041320000000000003,0.00014559999999999999,passed_at_branching_context
stage1__V12_M2__f2__300s,29870,29867,10,10,1,0.50309318235479883,0.5037948464863955,0.71061516072986319,,647,0,0.0043847000000000001,0.0001563,awaiting_reoptimization
stage1__V12_M2__f2__300s,29870,29867,10,10,2,0.50309318235479883,0.5037948464863955,0.71061516072986319,0.71067690279943174,,,0.0043847000000000001,0.0001563,passed
stage1__V12_M2__f2__300s,475,470,8,8,1,0.49958486169681565,0.50239151822320227,0.7075945934178014,,647,0,0.0042665000000000003,0.00015300000000000001,awaiting_reoptimization
stage1__V12_M2__f2__300s,475,470,8,8,1,0.49958486169681565,0.50239151822320227,0.7075945934178014,0.70759459341780151,,,0.0042665000000000003,0.00015300000000000001,passed_at_branching_context
stage1__V12_M2__f2__300s,29887,475,9,9,1,0.49958486169681565,0.50098818996000893,0.70759459341780151,,647,0,0.0040612000000000001,0.00018090000000000001,awaiting_reoptimization
stage1__V12_M2__f2__300s,29887,475,9,9,1,0.49958486169681565,0.50098818996000893,0.70759459341780151,0.70759459341780151,,,0.0040612000000000001,0.00018090000000000001,passed_at_branching_context
stage1__V12_M2__f2__300s,29889,29887,10,10,1,0.49958486169681565,0.50028652582841227,0.70759459341780151,,647,0,0.0046674000000000004,0.00015239999999999999,awaiting_reoptimization
stage1__V12_M2__f2__300s,29889,29887,10,10,1,0.49958486169681565,0.50028652582841227,0.70759459341780151,0.70759459341780151,,,0.0046674000000000004,0.00015239999999999999,passed_at_branching_context
stage1__V12_M2__f2__300s,29888,475,9,9,1,0.50098818996000893,0.50239151822320227,0.70871300145571992,,647,0,0.0041837999999999997,0.00017359999999999999,awaiting_reoptimization
stage1__V12_M2__f2__300s,29888,475,9,9,2,0.50098818996000893,0.50239151822320227,0.70871300145571992,0.70882835766210384,,,0.0041837999999999997,0.00017359999999999999,passed
stage1__V12_M2__f2__300s,31261,29888,10,10,1,0.50098818996000893,0.5016898540916056,0.70882835766210384,,647,0,0.0041098999999999997,0.000145,awaiting_reoptimization
stage1__V12_M2__f2__300s,31261,29888,10,10,1,0.50098818996000893,0.5016898540916056,0.70882835766210384,0.70882835766210384,,,0.0041098999999999997,0.000145,passed_at_branching_context
stage1__V12_M2__f2__300s,31262,29888,10,10,1,0.5016898540916056,0.50239151822320227,0.70938895265518287,,647,0,0.0041669999999999997,0.000147,awaiting_reoptimization
stage1__V12_M2__f2__300s,31262,29888,10,10,2,0.5016898540916056,0.50239151822320227,0.70938895265518287,0.7094458307631476,,,0.0041669999999999997,0.000147,passed
stage1__V12_M2__f2__300s,29890,29887,10,10,1,0.50028652582841227,0.50098818996000893,0.70815360775605707,,647,0,0.0041574000000000003,0.00014630000000000001,awaiting_reoptimization
stage1__V12_M2__f2__300s,29890,29887,10,10,2,0.50028652582841227,0.50098818996000893,0.70815360775605707,0.70821137283719937,,,0.0041574000000000003,0.00014630000000000001,passed
