generation,best_fitness,strict_improvement
0,-0.52681624450658093,true
1,-0.52681624450658093,false
2,-0.42242544600323362,true
3,-0.40262580519976587,true
4,-0.3702549946316735,true
5,-0.3182488666672752,true
6,-0.30792916595752312,true
7,-0.30792916595752312,false
8,-0.30792916595752312,false
9,-0.30141610925280815,true
10,-0.30141610925280815,false
11,-0.30141610925280815,false
12,-0.30141610925280815,false
13,-0.30141610925280815,false
14,-0.30010933309191157,true
15,-0.2979270934288229,true
16,-0.29367863874435363,true
17,-0.29367863874435363,false
18,-0.29367863874435363,false
19,-0.29367863874435363,false
20,-0.29367863874435363,false
21,-0.29367863874435363,false
22,-0.29367863874435363,false
23,-0.29367863874435363,false
24,-0.29367863874435363,false
25,-0.29367863874435363,false
26,-0.29367863874435363,false
27,-0.29367863874435363,false
28,-0.29367863874435363,false
29,-0.29367863874435363,false
30,-0.29367863874435363,false
31,-0.29367863874435363,false
32,-0.29367863874435363,false
33,-0.29367863874435363,false
34,-0.29367863874435363,false
35,-0.29367863874435363,false
36,-0.29367863874435363,false
37,-0.29367863874435363,false
38,-0.29367863874435363,false
39,-0.29367863874435363,false
40,-0.29367863874435363,false
41,-0.29367863874435363,false
42,-0.29367863874435363,false
43,-0.29367863874435363,false
44,-0.29367863874435363,false
45,-0.29367863874435363,false
46,-0.29367863874435363,false
47,-0.29367863874435363,false
48,-0.29367863874435363,false
49,-0.29367863874435363,false
50,-0.29367863874435363,false
51,-0.29367863874435363,false
52,-0.29367863874435363,false
53,-0.29367863874435363,false
54,-0.29367863874435363,false
55,-0.29367863874435363,false
56,-0.29367863874435363,false
57,-0.29367863874435363,false
58,-0.29367863874435363,false
59,-0.29367863874435363,false
60,-0.29367863874435363,false
61,-0.29367863874435363,false
62,-0.29367863874435363,false
63,-0.29367863874435363,false
64,-0.29367863874435363,false
65,-0.29367863874435363,false
66,-0.29367863874435363,false
67,-0.29367863874435363,false
68,-0.29367863874435363,false
69,-0.29367863874435363,false
70,-0.29367863874435363,false
71,-0.29367863874435363,false
72,-0.29367863874435363,false
73,-0.29367863874435363,false
74,-0.29367863874435363,false
75,-0.29367863874435363,false
76,-0.29367863874435363,false
77,-0.29367863874435363,false
78,-0.29367863874435363,false
79,-0.29367863874435363,false
80,-0.29367863874435363,false
81,-0.29367863874435363,false
82,-0.29367863874435363,false
83,-0.29367863874435363,false
84,-0.29367863874435363,false
85,-0.29367863874435363,false
86,-0.29367863874435363,false
87,-0.29367863874435363,false
88,-0.29367863874435363,false
89,-0.29367863874435363,false
90,-0.29367863874435363,false
91,-0.29367863874435363,false
92,-0.29367863874435363,false
93,-0.29367863874435363,false
94,-0.29367863874435363,false
95,-0.29367863874435363,false
96,-0.29367863874435363,false
97,-0.29367863874435363,false
98,-0.29367863874435363,false
99,-0.29367863874435363,false
100,-0.29367863874435363,false
101,-0.29367863874435363,false
102,-0.29367863874435363,false
103,-0.29367863874435363,false
104,-0.29367863874435363,false
105,-0.29367863874435363,false
106,-0.29367863874435363,false
107,-0.29367863874435363,false
108,-0.29367863874435363,false
109,-0.29367863874435363,false
110,-0.29367863874435363,false
111,-0.29367863874435363,false
112,-0.29367863874435363,false
113,-0.29011516464501808,true
114,-0.29011516464501808,false
115,-0.29011516464501808,false
116,-0.29011516464501808,false
117,-0.29011516464501808,false
118,-0.29011516464501808,false
119,-0.29011516464501808,false
120,-0.28870108662755289,true
121,-0.28870108662755289,false
122,-0.28870108662755289,false
123,-0.28870108662755289,false
124,-0.28870108662755289,false
125,-0.28870108662755289,false
126,-0.28870108662755289,false
127,-0.28870108662755289,false
128,-0.28870108662755289,false
129,-0.28870108662755289,false
130,-0.28870108662755289,false
131,-0.28870108662755289,false
132,-0.28870108662755289,false
133,-0.28870108662755289,false
134,-0.28870108662755289,false
135,-0.28870108662755289,false
136,-0.28870108662755289,false
137,-0.28870108662755289,false
138,-0.28870108662755289,false
139,-0.28870108662755289,false
140,-0.28870108662755289,false
141,-0.28870108662755289,false
142,-0.28870108662755289,false
143,-0.28870108662755289,false
144,-0.28870108662755289,false
145,-0.28870108662755289,false
146,-0.28870108662755289,false
147,-0.28870108662755289,false
148,-0.28870108662755289,false
149,-0.28870108662755289,false
150,-0.28870108662755289,false
151,-0.28870108662755289,false
152,-0.28870108662755289,false
153,-0.28870108662755289,false
154,-0.28870108662755289,false
155,-0.28870108662755289,false
156,-0.28870108662755289,false
157,-0.28870108662755289,false
158,-0.28870108662755289,false
159,-0.28870108662755289,false
160,-0.28870108662755289,false
161,-0.28870108662755289,false
162,-0.28870108662755289,false
163,-0.28870108662755289,false
164,-0.28870108662755289,false
165,-0.28870108662755289,false
166,-0.28870108662755289,false
167,-0.28870108662755289,false
168,-0.28870108662755289,false
169,-0.28870108662755289,false
170,-0.28870108662755289,false
171,-0.28870108662755289,false
172,-0.28870108662755289,false
173,-0.28870108662755289,false
174,-0.28870108662755289,false
175,-0.28870108662755289,false
176,-0.28870108662755289,false
177,-0.28870108662755289,false
178,-0.28870108662755289,false
179,-0.28870108662755289,false
180,-0.28870108662755289,false
181,-0.28870108662755289,false
182,-0.28870108662755289,false
183,-0.28870108662755289,false
184,-0.28870108662755289,false
185,-0.28870108662755289,false
186,-0.28870108662755289,false
187,-0.28870108662755289,false
188,-0.28870108662755289,false
189,-0.28870108662755289,false
190,-0.28870108662755289,false
191,-0.28870108662755289,false
192,-0.28870108662755289,false
193,-0.28870108662755289,false
194,-0.28870108662755289,false
195,-0.28870108662755289,false
196,-0.28870108662755289,false
197,-0.28870108662755289,false
198,-0.28870108662755289,false
199,-0.28870108662755289,false
200,-0.28870108662755289,false
201,-0.28870108662755289,false
202,-0.28870108662755289,false
203,-0.28870108662755289,false
204,-0.28870108662755289,false
205,-0.28870108662755289,false
206,-0.28870108662755289,false
207,-0.28870108662755289,false
208,-0.28870108662755289,false
209,-0.28870108662755289,false
210,-0.28870108662755289,false
211,-0.28870108662755289,false
212,-0.28870108662755289,false
213,-0.28870108662755289,false
214,-0.28870108662755289,false
215,-0.28870108662755289,false
216,-0.28870108662755289,false
217,-0.28870108662755289,false
218,-0.28870108662755289,false
219,-0.28870108662755289,false
220,-0.28870108662755289,false
221,-0.28870108662755289,false
222,-0.28870108662755289,false
223,-0.28870108662755289,false
224,-0.28870108662755289,false
225,-0.28870108662755289,false
226,-0.28870108662755289,false
227,-0.28870108662755289,false
228,-0.28870108662755289,false
229,-0.28870108662755289,false
230,-0.28870108662755289,false
231,-0.28870108662755289,false
232,-0.28870108662755289,false
233,-0.28870108662755289,false
234,-0.28870108662755289,false
235,-0.28870108662755289,false
236,-0.28870108662755289,false
237,-0.28870108662755289,false
238,-0.28870108662755289,false
239,-0.28870108662755289,false
240,-0.28870108662755289,false
241,-0.28870108662755289,false
242,-0.28870108662755289,false
243,-0.28870108662755289,false
244,-0.28870108662755289,false
245,-0.28870108662755289,false
246,-0.28870108662755289,false
247,-0.28870108662755289,false
248,-0.28870108662755289,false
249,-0.28870108662755289,false
250,-0.28870108662755289,false
251,-0.28870108662755289,false
252,-0.28870108662755289,false
253,-0.28870108662755289,false
254,-0.28870108662755289,false
255,-0.28870108662755289,false
256,-0.28870108662755289,false
257,-0.28870108662755289,false
258,-0.28870108662755289,false
259,-0.28870108662755289,false
260,-0.28870108662755289,false
261,-0.28870108662755289,false
262,-0.28870108662755289,false
263,-0.28870108662755289,false
264,-0.28870108662755289,false
265,-0.28870108662755289,false
266,-0.28870108662755289,false
267,-0.28870108662755289,false
268,-0.28870108662755289,false
269,-0.28870108662755289,false
270,-0.28870108662755289,false
271,-0.28870108662755289,false
272,-0.28870108662755289,false
273,-0.28870108662755289,false
274,-0.28870108662755289,false
275,-0.28870108662755289,false
276,-0.28870108662755289,false
277,-0.28870108662755289,false
278,-0.28870108662755289,false
279,-0.28870108662755289,false
280,-0.28870108662755289,false
281,-0.28870108662755289,false
282,-0.28870108662755289,false
283,-0.28870108662755289,false
284,-0.28870108662755289,false
285,-0.28870108662755289,false
286,-0.28870108662755289,false
287,-0.28870108662755289,false
288,-0.28870108662755289,false
289,-0.28870108662755289,false
290,-0.28870108662755289,false
291,-0.28870108662755289,false
292,-0.28870108662755289,false
293,-0.28870108662755289,false
294,-0.28870108662755289,false
295,-0.28870108662755289,false
296,-0.28870108662755289,false
297,-0.28870108662755289,false
298,-0.28870108662755289,false
299,-0.28870108662755289,false
300,-0.28870108662755289,false
301,-0.28870108662755289,false
302,-0.28870108662755289,false
303,-0.28870108662755289,false
304,-0.28870108662755289,false
305,-0.28870108662755289,false
306,-0.28870108662755289,false
307,-0.28870108662755289,false
308,-0.28870108662755289,false
309,-0.28870108662755289,false
310,-0.28870108662755289,false
311,-0.28870108662755289,false
312,-0.28870108662755289,false
313,-0.28870108662755289,false
314,-0.28870108662755289,false
315,-0.28870108662755289,false
316,-0.28870108662755289,false
317,-0.28870108662755289,false
318,-0.28870108662755289,false
319,-0.28870108662755289,false
320,-0.28870108662755289,false
321,-0.28870108662755289,false
322,-0.28870108662755289,false
323,-0.28870108662755289,false
324,-0.28870108662755289,false
325,-0.28870108662755289,false
326,-0.28870108662755289,false
327,-0.28870108662755289,false
328,-0.28870108662755289,false
329,-0.28870108662755289,false
330,-0.28870108662755289,false
331,-0.28870108662755289,false
332,-0.28870108662755289,false
333,-0.28870108662755289,false
334,-0.28870108662755289,false
335,-0.28870108662755289,false
336,-0.28870108662755289,false
337,-0.28870108662755289,false
338,-0.28870108662755289,false
339,-0.28870108662755289,false
340,-0.28870108662755289,false
341,-0.28870108662755289,false
342,-0.28870108662755289,false
343,-0.28870108662755289,false
344,-0.28870108662755289,false
345,-0.28870108662755289,false
346,-0.28870108662755289,false
347,-0.28870108662755289,false
348,-0.28870108662755289,false
349,-0.28870108662755289,false
350,-0.28870108662755289,false
351,-0.28870108662755289,false
352,-0.28870108662755289,false
353,-0.28870108662755289,false
354,-0.28870108662755289,false
355,-0.28870108662755289,false
356,-0.28870108662755289,false
357,-0.28870108662755289,false
358,-0.28870108662755289,false
359,-0.28870108662755289,false
360,-0.28870108662755289,false
361,-0.28870108662755289,false
362,-0.28870108662755289,false
363,-0.28870108662755289,false
364,-0.28870108662755289,false
365,-0.28870108662755289,false
366,-0.28870108662755289,false
367,-0.28870108662755289,false
368,-0.28870108662755289,false
369,-0.28870108662755289,false
370,-0.28870108662755289,false
371,-0.28870108662755289,false
372,-0.28870108662755289,false
373,-0.28870108662755289,false
374,-0.28870108662755289,false
375,-0.28870108662755289,false
376,-0.28870108662755289,false
377,-0.28870108662755289,false
378,-0.28870108662755289,false
379,-0.28870108662755289,false
380,-0.28870108662755289,false
381,-0.28870108662755289,false
382,-0.28870108662755289,false
383,-0.28870108662755289,false
384,-0.28870108662755289,false
385,-0.28870108662755289,false
386,-0.28870108662755289,false
387,-0.28870108662755289,false
388,-0.28870108662755289,false
389,-0.28870108662755289,false
390,-0.28870108662755289,false
391,-0.28870108662755289,false
392,-0.28870108662755289,false
393,-0.28870108662755289,false
394,-0.28870108662755289,false
395,-0.28870108662755289,false
396,-0.28870108662755289,false
397,-0.28870108662755289,false
398,-0.28870108662755289,false
399,-0.28870108662755289,false
400,-0.28870108662755289,false
401,-0.28870108662755289,false
402,-0.28870108662755289,false
403,-0.28870108662755289,false
404,-0.28870108662755289,false
405,-0.28870108662755289,false
406,-0.28870108662755289,false
407,-0.28870108662755289,false
408,-0.28870108662755289,false
409,-0.28870108662755289,false
410,-0.28870108662755289,false
411,-0.28870108662755289,false
412,-0.28870108662755289,false
413,-0.28870108662755289,false
414,-0.28870108662755289,false
415,-0.28870108662755289,false
416,-0.28870108662755289,false
417,-0.28870108662755289,false
418,-0.28870108662755289,false
419,-0.28870108662755289,false
420,-0.28870108662755289,false
421,-0.28870108662755289,false
422,-0.28870108662755289,false
423,-0.28870108662755289,false
424,-0.28870108662755289,false
425,-0.28870108662755289,false
426,-0.28870108662755289,false
427,-0.28870108662755289,false
428,-0.28870108662755289,false
429,-0.28870108662755289,false
430,-0.28870108662755289,false
431,-0.28870108662755289,false
432,-0.28870108662755289,false
433,-0.28870108662755289,false
434,-0.28870108662755289,false
435,-0.28870108662755289,false
436,-0.28870108662755289,false
437,-0.28870108662755289,false
438,-0.28870108662755289,false
439,-0.28870108662755289,false
440,-0.28870108662755289,false
441,-0.28870108662755289,false
442,-0.28870108662755289,false
443,-0.28870108662755289,false
444,-0.28870108662755289,false
445,-0.28870108662755289,false
446,-0.28870108662755289,false
447,-0.28870108662755289,false
448,-0.28870108662755289,false
449,-0.28870108662755289,false
450,-0.28870108662755289,false
451,-0.28870108662755289,false
452,-0.28870108662755289,false
453,-0.28870108662755289,false
454,-0.28870108662755289,false
455,-0.28870108662755289,false
456,-0.28870108662755289,false
457,-0.28870108662755289,false
458,-0.28870108662755289,false
459,-0.28870108662755289,false
460,-0.28870108662755289,false
461,-0.28870108662755289,false
462,-0.28870108662755289,false
463,-0.28870108662755289,false
464,-0.28870108662755289,false
465,-0.28870108662755289,false
466,-0.28870108662755289,false
467,-0.28870108662755289,false
468,-0.28870108662755289,false
469,-0.28870108662755289,false
470,-0.28870108662755289,false
471,-0.28870108662755289,false
472,-0.28870108662755289,false
473,-0.28870108662755289,false
474,-0.28870108662755289,false
475,-0.28870108662755289,false
476,-0.28870108662755289,false
477,-0.28870108662755289,false
478,-0.28870108662755289,false
479,-0.28870108662755289,false
480,-0.28870108662755289,false
481,-0.28870108662755289,false
482,-0.28870108662755289,false
483,-0.28870108662755289,false
484,-0.28870108662755289,false
485,-0.28870108662755289,false
486,-0.28870108662755289,false
487,-0.28870108662755289,false
488,-0.28870108662755289,false
489,-0.28870108662755289,false
490,-0.28870108662755289,false
491,-0.28870108662755289,false
492,-0.28870108662755289,false
493,-0.28870108662755289,false
494,-0.28870108662755289,false
495,-0.28870108662755289,false
496,-0.28870108662755289,false
497,-0.28870108662755289,false
498,-0.28870108662755289,false
499,-0.28870108662755289,false
500,-0.28870108662755289,false
501,-0.28870108662755289,false
502,-0.28870108662755289,false
503,-0.28870108662755289,false
504,-0.28870108662755289,false
505,-0.28870108662755289,false
506,-0.28870108662755289,false
507,-0.28870108662755289,false
508,-0.28870108662755289,false
509,-0.28870108662755289,false
510,-0.28870108662755289,false
511,-0.28870108662755289,false
512,-0.28870108662755289,false
513,-0.28870108662755289,false
514,-0.28870108662755289,false
515,-0.28870108662755289,false
516,-0.28870108662755289,false
517,-0.28870108662755289,false
518,-0.28870108662755289,false
519,-0.28870108662755289,false
520,-0.28870108662755289,false
521,-0.28870108662755289,false
522,-0.28870108662755289,false
523,-0.28870108662755289,false
524,-0.28870108662755289,false
525,-0.28870108662755289,false
526,-0.28870108662755289,false
527,-0.28870108662755289,false
528,-0.28870108662755289,false
529,-0.28870108662755289,false
530,-0.28870108662755289,false
531,-0.28870108662755289,false
532,-0.28870108662755289,false
533,-0.28870108662755289,false
534,-0.28870108662755289,false
535,-0.28870108662755289,false
536,-0.28870108662755289,false
537,-0.28870108662755289,false
538,-0.28870108662755289,false
539,-0.28870108662755289,false
540,-0.28870108662755289,false
541,-0.28870108662755289,false
542,-0.28870108662755289,false
543,-0.28870108662755289,false
544,-0.28870108662755289,false
545,-0.28870108662755289,false
546,-0.28870108662755289,false
547,-0.28870108662755289,false
548,-0.28870108662755289,false
549,-0.28870108662755289,false
550,-0.28870108662755289,false
551,-0.28870108662755289,false
552,-0.28870108662755289,false
553,-0.28870108662755289,false
554,-0.28870108662755289,false
555,-0.28870108662755289,false
556,-0.28870108662755289,false
557,-0.28870108662755289,false
558,-0.28870108662755289,false
559,-0.28870108662755289,false
560,-0.28870108662755289,false
561,-0.28870108662755289,false
562,-0.28870108662755289,false
563,-0.28870108662755289,false
564,-0.28870108662755289,false
565,-0.28870108662755289,false
566,-0.28870108662755289,false
567,-0.28870108662755289,false
568,-0.28870108662755289,false
569,-0.28870108662755289,false
570,-0.28870108662755289,false
571,-0.28870108662755289,false
572,-0.28870108662755289,false
573,-0.28870108662755289,false
574,-0.28870108662755289,false
575,-0.28870108662755289,false
576,-0.28870108662755289,false
577,-0.28870108662755289,false
578,-0.28870108662755289,false
579,-0.28870108662755289,false
580,-0.28870108662755289,false
581,-0.28870108662755289,false
582,-0.28870108662755289,false
583,-0.28870108662755289,false
584,-0.28870108662755289,false
585,-0.28870108662755289,false
586,-0.28870108662755289,false
587,-0.28870108662755289,false
588,-0.28870108662755289,false
589,-0.28870108662755289,false
590,-0.28870108662755289,false
591,-0.28870108662755289,false
592,-0.28870108662755289,false
593,-0.28870108662755289,false
594,-0.28870108662755289,false
595,-0.28870108662755289,false
596,-0.28870108662755289,false
597,-0.28870108662755289,false
598,-0.28870108662755289,false
599,-0.28870108662755289,false
600,-0.28870108662755289,false
601,-0.28870108662755289,false
602,-0.28870108662755289,false
603,-0.28870108662755289,false
604,-0.28870108662755289,false
605,-0.28870108662755289,false
606,-0.28870108662755289,false
607,-0.28870108662755289,false
608,-0.28870108662755289,false
609,-0.28870108662755289,false
610,-0.28870108662755289,false
611,-0.28870108662755289,false
612,-0.28870108662755289,false
613,-0.28870108662755289,false
614,-0.28870108662755289,false
615,-0.28870108662755289,false
616,-0.28870108662755289,false
617,-0.28870108662755289,false
618,-0.28870108662755289,false
619,-0.28870108662755289,false
620,-0.28870108662755289,false
621,-0.28870108662755289,false
622,-0.28870108662755289,false
623,-0.28870108662755289,false
624,-0.28870108662755289,false
625,-0.28870108662755289,false
626,-0.28870108662755289,false
627,-0.28870108662755289,false
628,-0.28870108662755289,false
629,-0.28870108662755289,false
630,-0.28870108662755289,false
631,-0.28870108662755289,false
632,-0.28870108662755289,false
633,-0.28870108662755289,false
634,-0.28870108662755289,false
635,-0.28870108662755289,false
636,-0.28870108662755289,false
637,-0.28870108662755289,false
638,-0.28870108662755289,false
639,-0.28870108662755289,false
640,-0.28870108662755289,false
641,-0.28870108662755289,false
642,-0.28870108662755289,false
643,-0.28870108662755289,false
644,-0.28870108662755289,false
645,-0.28870108662755289,false
646,-0.28870108662755289,false
647,-0.28870108662755289,false
648,-0.28870108662755289,false
649,-0.28870108662755289,false
650,-0.28870108662755289,false
651,-0.28870108662755289,false
652,-0.28870108662755289,false
653,-0.28870108662755289,false
654,-0.28870108662755289,false
655,-0.28870108662755289,false
656,-0.28870108662755289,false
657,-0.28870108662755289,false
658,-0.28870108662755289,false
659,-0.28870108662755289,false
660,-0.28870108662755289,false
661,-0.28870108662755289,false
662,-0.28870108662755289,false
663,-0.28870108662755289,false
664,-0.28870108662755289,false
665,-0.28870108662755289,false
666,-0.28870108662755289,false
667,-0.28870108662755289,false
668,-0.28870108662755289,false
669,-0.28870108662755289,false
670,-0.28870108662755289,false
671,-0.28870108662755289,false
672,-0.28870108662755289,false
673,-0.28870108662755289,false
674,-0.28870108662755289,false
675,-0.28870108662755289,false
676,-0.28870108662755289,false
677,-0.28870108662755289,false
678,-0.28870108662755289,false
679,-0.28870108662755289,false
680,-0.28870108662755289,false
681,-0.28870108662755289,false
682,-0.28870108662755289,false
683,-0.28870108662755289,false
684,-0.28870108662755289,false
685,-0.28870108662755289,false
686,-0.28870108662755289,false
687,-0.28870108662755289,false
688,-0.28870108662755289,false
689,-0.28870108662755289,false
690,-0.28870108662755289,false
691,-0.28870108662755289,false
692,-0.28870108662755289,false
693,-0.28870108662755289,false
694,-0.28870108662755289,false
695,-0.28870108662755289,false
696,-0.28870108662755289,false
697,-0.28870108662755289,false
698,-0.28870108662755289,false
699,-0.28870108662755289,false
700,-0.28870108662755289,false
701,-0.28870108662755289,false
702,-0.28870108662755289,false
703,-0.28870108662755289,false
704,-0.28870108662755289,false
705,-0.28870108662755289,false
706,-0.28870108662755289,false
707,-0.28870108662755289,false
708,-0.28870108662755289,false
709,-0.28870108662755289,false
710,-0.28870108662755289,false
711,-0.28870108662755289,false
712,-0.28870108662755289,false
713,-0.28870108662755289,false
714,-0.28870108662755289,false
715,-0.28870108662755289,false
716,-0.28870108662755289,false
717,-0.28870108662755289,false
718,-0.28870108662755289,false
719,-0.28870108662755289,false
720,-0.28870108662755289,false
721,-0.28870108662755289,false
722,-0.28870108662755289,false
723,-0.28870108662755289,false
724,-0.28870108662755289,false
725,-0.28870108662755289,false
726,-0.28870108662755289,false
727,-0.28870108662755289,false
728,-0.28870108662755289,false
729,-0.28870108662755289,false
730,-0.28870108662755289,false
731,-0.28870108662755289,false
732,-0.28870108662755289,false
733,-0.28870108662755289,false
734,-0.28870108662755289,false
735,-0.28870108662755289,false
736,-0.28870108662755289,false
737,-0.28870108662755289,false
738,-0.28870108662755289,false
739,-0.28870108662755289,false
740,-0.28870108662755289,false
741,-0.28870108662755289,false
742,-0.28870108662755289,false
743,-0.28870108662755289,false
744,-0.28870108662755289,false
745,-0.28870108662755289,false
746,-0.28870108662755289,false
747,-0.28870108662755289,false
748,-0.28870108662755289,false
749,-0.28870108662755289,false
750,-0.28870108662755289,false
751,-0.28870108662755289,false
752,-0.28870108662755289,false
753,-0.28870108662755289,false
754,-0.28870108662755289,false
755,-0.28870108662755289,false
756,-0.28870108662755289,false
757,-0.28870108662755289,false
758,-0.28870108662755289,false
759,-0.28870108662755289,false
760,-0.28870108662755289,false
761,-0.28870108662755289,false
762,-0.28870108662755289,false
763,-0.28870108662755289,false
764,-0.28870108662755289,false
765,-0.28870108662755289,false
766,-0.28870108662755289,false
767,-0.28870108662755289,false
768,-0.28870108662755289,false
769,-0.28870108662755289,false
770,-0.28870108662755289,false
771,-0.28870108662755289,false
772,-0.28870108662755289,false
773,-0.28870108662755289,false
774,-0.28870108662755289,false
775,-0.28870108662755289,false
776,-0.28870108662755289,false
777,-0.28870108662755289,false
778,-0.28870108662755289,false
779,-0.28870108662755289,false
780,-0.28870108662755289,false
781,-0.28870108662755289,false
782,-0.28870108662755289,false
783,-0.28870108662755289,false
784,-0.28870108662755289,false
785,-0.28870108662755289,false
786,-0.28870108662755289,false
787,-0.28870108662755289,false
788,-0.28870108662755289,false
789,-0.28870108662755289,false
790,-0.28870108662755289,false
791,-0.28870108662755289,false
792,-0.28870108662755289,false
793,-0.28870108662755289,false
794,-0.28870108662755289,false
795,-0.28870108662755289,false
796,-0.28870108662755289,false
797,-0.28870108662755289,false
798,-0.28870108662755289,false
799,-0.28870108662755289,false
800,-0.28870108662755289,false
801,-0.28870108662755289,false
802,-0.28870108662755289,false
803,-0.28870108662755289,false
804,-0.28870108662755289,false
805,-0.28870108662755289,false
806,-0.28870108662755289,false
807,-0.28870108662755289,false
808,-0.28870108662755289,false
809,-0.28870108662755289,false
810,-0.28870108662755289,false
811,-0.28870108662755289,false
812,-0.28870108662755289,false
813,-0.28870108662755289,false
814,-0.28870108662755289,false
815,-0.28870108662755289,false
816,-0.28870108662755289,false
817,-0.28870108662755289,false
818,-0.28870108662755289,false
819,-0.28870108662755289,false
820,-0.28870108662755289,false
821,-0.28870108662755289,false
822,-0.28870108662755289,false
823,-0.28870108662755289,false
824,-0.28870108662755289,false
825,-0.28870108662755289,false
826,-0.28870108662755289,false
827,-0.28870108662755289,false
828,-0.28870108662755289,false
829,-0.28870108662755289,false
830,-0.28870108662755289,false
831,-0.28870108662755289,false
832,-0.28870108662755289,false
833,-0.28870108662755289,false
834,-0.28870108662755289,false
835,-0.28870108662755289,false
836,-0.28870108662755289,false
837,-0.28870108662755289,false
838,-0.28870108662755289,false
839,-0.28870108662755289,false
840,-0.28870108662755289,false
841,-0.28870108662755289,false
842,-0.28870108662755289,false
843,-0.28870108662755289,false
844,-0.28870108662755289,false
845,-0.28870108662755289,false
846,-0.28870108662755289,false
847,-0.28870108662755289,false
848,-0.28870108662755289,false
849,-0.28870108662755289,false
850,-0.28870108662755289,false
851,-0.28870108662755289,false
852,-0.28870108662755289,false
853,-0.28870108662755289,false
854,-0.28870108662755289,false
855,-0.28870108662755289,false
856,-0.28870108662755289,false
857,-0.28870108662755289,false
858,-0.28870108662755289,false
859,-0.28870108662755289,false
860,-0.28870108662755289,false
861,-0.28870108662755289,false
862,-0.28870108662755289,false
863,-0.28870108662755289,false
864,-0.28870108662755289,false
865,-0.28870108662755289,false
866,-0.28870108662755289,false
867,-0.28870108662755289,false
868,-0.28870108662755289,false
869,-0.28870108662755289,false
870,-0.28870108662755289,false
871,-0.28870108662755289,false
872,-0.28870108662755289,false
873,-0.28870108662755289,false
874,-0.28870108662755289,false
875,-0.28870108662755289,false
876,-0.28870108662755289,false
877,-0.28870108662755289,false
878,-0.28870108662755289,false
879,-0.28870108662755289,false
880,-0.28870108662755289,false
881,-0.28870108662755289,false
882,-0.28870108662755289,false
883,-0.28870108662755289,false
884,-0.28870108662755289,false
885,-0.28870108662755289,false
886,-0.28870108662755289,false
887,-0.28870108662755289,false
888,-0.28870108662755289,false
889,-0.28870108662755289,false
890,-0.28870108662755289,false
891,-0.28870108662755289,false
892,-0.28870108662755289,false
893,-0.28870108662755289,false
894,-0.28870108662755289,false
895,-0.28870108662755289,false
896,-0.28870108662755289,false
897,-0.28870108662755289,false
898,-0.28870108662755289,false
899,-0.28870108662755289,false
900,-0.28870108662755289,false
901,-0.28870108662755289,false
902,-0.28870108662755289,false
903,-0.28870108662755289,false
904,-0.28870108662755289,false
905,-0.28870108662755289,false
906,-0.28870108662755289,false
907,-0.28870108662755289,false
908,-0.28870108662755289,false
909,-0.28870108662755289,false
910,-0.28870108662755289,false
911,-0.28870108662755289,false
912,-0.28870108662755289,false
913,-0.28870108662755289,false
914,-0.28870108662755289,false
915,-0.28870108662755289,false
916,-0.28870108662755289,false
917,-0.28870108662755289,false
918,-0.28870108662755289,false
919,-0.28870108662755289,false
920,-0.28870108662755289,false
921,-0.28870108662755289,false
922,-0.28870108662755289,false
923,-0.28870108662755289,false
924,-0.28870108662755289,false
925,-0.28870108662755289,false
926,-0.28870108662755289,false
927,-0.28870108662755289,false
928,-0.28870108662755289,false
929,-0.28870108662755289,false
930,-0.28870108662755289,false
931,-0.28870108662755289,false
932,-0.28870108662755289,false
933,-0.28870108662755289,false
934,-0.28870108662755289,false
935,-0.28870108662755289,false
936,-0.28870108662755289,false
937,-0.28870108662755289,false
938,-0.28870108662755289,false
939,-0.28870108662755289,false
940,-0.28870108662755289,false
941,-0.28870108662755289,false
942,-0.28870108662755289,false
943,-0.28870108662755289,false
944,-0.28870108662755289,false
945,-0.28870108662755289,false
946,-0.28870108662755289,false
947,-0.28870108662755289,false
948,-0.28870108662755289,false
949,-0.28870108662755289,false
950,-0.28870108662755289,false
951,-0.28870108662755289,false
952,-0.28870108662755289,false
953,-0.28870108662755289,false
954,-0.28870108662755289,false
955,-0.28870108662755289,false
956,-0.28870108662755289,false
957,-0.28870108662755289,false
958,-0.28870108662755289,false
959,-0.28870108662755289,false
960,-0.28870108662755289,false
961,-0.28870108662755289,false
962,-0.28870108662755289,false
963,-0.28870108662755289,false
964,-0.28870108662755289,false
965,-0.28870108662755289,false
966,-0.28870108662755289,false
967,-0.28870108662755289,false
968,-0.28870108662755289,false
969,-0.28870108662755289,false
970,-0.28870108662755289,false
971,-0.28870108662755289,false
972,-0.28870108662755289,false
973,-0.28870108662755289,false
974,-0.28870108662755289,false
975,-0.28870108662755289,false
976,-0.28870108662755289,false
977,-0.28870108662755289,false
978,-0.28870108662755289,false
979,-0.28870108662755289,false
980,-0.28870108662755289,false
981,-0.28870108662755289,false
982,-0.28870108662755289,false
983,-0.28870108662755289,false
984,-0.28870108662755289,false
985,-0.28870108662755289,false
986,-0.28870108662755289,false
987,-0.28870108662755289,false
988,-0.28870108662755289,false
989,-0.28870108662755289,false
990,-0.28870108662755289,false
991,-0.28870108662755289,false
992,-0.28870108662755289,false
993,-0.28870108662755289,false
994,-0.28870108662755289,false
995,-0.28870108662755289,false
996,-0.28870108662755289,false
997,-0.28870108662755289,false
998,-0.28870108662755289,false
999,-0.28870108662755289,false
1000,-0.28870108662755289,false
1001,-0.28870108662755289,false
1002,-0.28870108662755289,false
1003,-0.28870108662755289,false
1004,-0.28870108662755289,false
1005,-0.28870108662755289,false
1006,-0.28870108662755289,false
1007,-0.28870108662755289,false
1008,-0.28870108662755289,false
1009,-0.28870108662755289,false
1010,-0.28870108662755289,false
1011,-0.28870108662755289,false
1012,-0.28870108662755289,false
1013,-0.28870108662755289,false
1014,-0.28870108662755289,false
1015,-0.28870108662755289,false
1016,-0.28870108662755289,false
1017,-0.28870108662755289,false
1018,-0.28870108662755289,false
1019,-0.28870108662755289,false
1020,-0.28870108662755289,false
1021,-0.28870108662755289,false
1022,-0.28870108662755289,false
1023,-0.28870108662755289,false
1024,-0.28870108662755289,false
1025,-0.28870108662755289,false
1026,-0.28870108662755289,false
1027,-0.28870108662755289,false
1028,-0.28870108662755289,false
1029,-0.28870108662755289,false
1030,-0.28870108662755289,false
1031,-0.28870108662755289,false
1032,-0.28870108662755289,false
1033,-0.28870108662755289,false
1034,-0.28870108662755289,false
1035,-0.28870108662755289,false
1036,-0.28870108662755289,false
1037,-0.28870108662755289,false
1038,-0.28870108662755289,false
1039,-0.28870108662755289,false
1040,-0.28870108662755289,false
1041,-0.28870108662755289,false
1042,-0.28870108662755289,false
1043,-0.28870108662755289,false
1044,-0.28870108662755289,false
1045,-0.28870108662755289,false
1046,-0.28870108662755289,false
1047,-0.28870108662755289,false
1048,-0.28870108662755289,false
1049,-0.28870108662755289,false
1050,-0.28870108662755289,false
1051,-0.28870108662755289,false
1052,-0.28870108662755289,false
1053,-0.28870108662755289,false
1054,-0.28870108662755289,false
1055,-0.28870108662755289,false
1056,-0.28870108662755289,false
1057,-0.28870108662755289,false
1058,-0.28870108662755289,false
1059,-0.28870108662755289,false
1060,-0.28870108662755289,false
1061,-0.28870108662755289,false
1062,-0.28870108662755289,false
1063,-0.28870108662755289,false
1064,-0.28870108662755289,false
1065,-0.28870108662755289,false
1066,-0.28870108662755289,false
1067,-0.28870108662755289,false
1068,-0.28870108662755289,false
1069,-0.28870108662755289,false
1070,-0.28870108662755289,false
1071,-0.28870108662755289,false
1072,-0.28870108662755289,false
1073,-0.28870108662755289,false
1074,-0.28870108662755289,false
1075,-0.28870108662755289,false
1076,-0.28870108662755289,false
1077,-0.28870108662755289,false
1078,-0.28870108662755289,false
1079,-0.28870108662755289,false
1080,-0.28870108662755289,false
1081,-0.28870108662755289,false
1082,-0.28870108662755289,false
1083,-0.28870108662755289,false
1084,-0.28870108662755289,false
1085,-0.28870108662755289,false
1086,-0.28870108662755289,false
1087,-0.28870108662755289,false
1088,-0.28870108662755289,false
1089,-0.28870108662755289,false
1090,-0.28870108662755289,false
1091,-0.28870108662755289,false
1092,-0.28870108662755289,false
1093,-0.28870108662755289,false
1094,-0.28870108662755289,false
1095,-0.28870108662755289,false
1096,-0.28870108662755289,false
1097,-0.28870108662755289,false
1098,-0.28870108662755289,false
1099,-0.28870108662755289,false
1100,-0.28870108662755289,false
1101,-0.28870108662755289,false
1102,-0.28870108662755289,false
1103,-0.28870108662755289,false
1104,-0.28870108662755289,false
1105,-0.28870108662755289,false
1106,-0.28870108662755289,false
1107,-0.28870108662755289,false
1108,-0.28870108662755289,false
1109,-0.28870108662755289,false
1110,-0.28870108662755289,false
1111,-0.28870108662755289,false
1112,-0.28870108662755289,false
1113,-0.28870108662755289,false
1114,-0.28870108662755289,false
1115,-0.28870108662755289,false
1116,-0.28870108662755289,false
1117,-0.28870108662755289,false
1118,-0.28870108662755289,false
1119,-0.28870108662755289,false
1120,-0.28870108662755289,false
1121,-0.28870108662755289,false
1122,-0.28870108662755289,false
1123,-0.28870108662755289,false
1124,-0.28870108662755289,false
1125,-0.28870108662755289,false
1126,-0.28870108662755289,false
1127,-0.28870108662755289,false
1128,-0.28870108662755289,false
1129,-0.28870108662755289,false
1130,-0.28870108662755289,false
1131,-0.28870108662755289,false
1132,-0.28870108662755289,false
1133,-0.28870108662755289,false
1134,-0.28870108662755289,false
1135,-0.28870108662755289,false
1136,-0.28870108662755289,false
1137,-0.28870108662755289,false
1138,-0.28870108662755289,false
1139,-0.28870108662755289,false
1140,-0.28870108662755289,false
1141,-0.28870108662755289,false
1142,-0.28870108662755289,false
1143,-0.28870108662755289,false
1144,-0.28870108662755289,false
1145,-0.28870108662755289,false
1146,-0.28870108662755289,false
1147,-0.28870108662755289,false
1148,-0.28870108662755289,false
1149,-0.28870108662755289,false
1150,-0.28870108662755289,false
1151,-0.28870108662755289,false
1152,-0.28870108662755289,false
1153,-0.28870108662755289,false
1154,-0.28870108662755289,false
1155,-0.28870108662755289,false
1156,-0.28870108662755289,false
1157,-0.28870108662755289,false
1158,-0.28870108662755289,false
1159,-0.28870108662755289,false
1160,-0.28870108662755289,false
1161,-0.28870108662755289,false
1162,-0.28870108662755289,false
1163,-0.28870108662755289,false
1164,-0.28870108662755289,false
1165,-0.28870108662755289,false
1166,-0.28870108662755289,false
1167,-0.28870108662755289,false
1168,-0.28870108662755289,false
1169,-0.28870108662755289,false
1170,-0.28870108662755289,false
1171,-0.28870108662755289,false
1172,-0.28870108662755289,false
1173,-0.28870108662755289,false
1174,-0.28870108662755289,false
1175,-0.28870108662755289,false
1176,-0.28870108662755289,false
1177,-0.28870108662755289,false
1178,-0.28870108662755289,false
1179,-0.28870108662755289,false
1180,-0.28870108662755289,false
1181,-0.28870108662755289,false
1182,-0.28870108662755289,false
1183,-0.28870108662755289,false
1184,-0.28870108662755289,false
1185,-0.28870108662755289,false
1186,-0.28870108662755289,false
1187,-0.28870108662755289,false
1188,-0.28870108662755289,false
1189,-0.28870108662755289,false
1190,-0.28870108662755289,false
1191,-0.28870108662755289,false
1192,-0.28870108662755289,false
1193,-0.28870108662755289,false
1194,-0.28870108662755289,false
1195,-0.28870108662755289,false
1196,-0.28870108662755289,false
1197,-0.28870108662755289,false
1198,-0.28870108662755289,false
1199,-0.28870108662755289,false
1200,-0.28870108662755289,false
1201,-0.28870108662755289,false
1202,-0.28870108662755289,false
1203,-0.28870108662755289,false
1204,-0.28870108662755289,false
1205,-0.28870108662755289,false
1206,-0.28870108662755289,false
1207,-0.28870108662755289,false
1208,-0.28870108662755289,false
1209,-0.28870108662755289,false
1210,-0.28870108662755289,false
1211,-0.28870108662755289,false
1212,-0.28870108662755289,false
1213,-0.28870108662755289,false
1214,-0.28870108662755289,false
1215,-0.28870108662755289,false
1216,-0.28870108662755289,false
1217,-0.28870108662755289,false
1218,-0.28870108662755289,false
1219,-0.28870108662755289,false
1220,-0.28870108662755289,false
1221,-0.28870108662755289,false
1222,-0.28870108662755289,false
1223,-0.28870108662755289,false
1224,-0.28870108662755289,false
1225,-0.28870108662755289,false
1226,-0.28870108662755289,false
1227,-0.28870108662755289,false
1228,-0.28870108662755289,false
1229,-0.28870108662755289,false
1230,-0.28870108662755289,false
1231,-0.28870108662755289,false
1232,-0.28870108662755289,false
1233,-0.28870108662755289,false
1234,-0.28870108662755289,false
1235,-0.28870108662755289,false
1236,-0.28870108662755289,false
1237,-0.28870108662755289,false
1238,-0.28870108662755289,false
1239,-0.28870108662755289,false
1240,-0.28870108662755289,false
1241,-0.28870108662755289,false
1242,-0.28870108662755289,false
1243,-0.28870108662755289,false
1244,-0.28870108662755289,false
1245,-0.28870108662755289,false
1246,-0.28870108662755289,false
1247,-0.28870108662755289,false
1248,-0.28870108662755289,false
1249,-0.28870108662755289,false
1250,-0.28870108662755289,false
1251,-0.28870108662755289,false
1252,-0.28870108662755289,false
1253,-0.28870108662755289,false
1254,-0.28870108662755289,false
1255,-0.28870108662755289,false
1256,-0.28870108662755289,false
1257,-0.28870108662755289,false
1258,-0.28870108662755289,false
1259,-0.28870108662755289,false
1260,-0.28870108662755289,false
1261,-0.28870108662755289,false
1262,-0.28870108662755289,false
1263,-0.28870108662755289,false
1264,-0.28870108662755289,false
1265,-0.28870108662755289,false
1266,-0.28870108662755289,false
1267,-0.28870108662755289,false
1268,-0.28870108662755289,false
1269,-0.28870108662755289,false
1270,-0.28870108662755289,false
1271,-0.28870108662755289,false
1272,-0.28870108662755289,false
1273,-0.28870108662755289,false
1274,-0.28870108662755289,false
1275,-0.28870108662755289,false
1276,-0.28870108662755289,false
1277,-0.28870108662755289,false
1278,-0.28870108662755289,false
1279,-0.28870108662755289,false
1280,-0.28870108662755289,false
1281,-0.28870108662755289,false
1282,-0.28870108662755289,false
1283,-0.28870108662755289,false
1284,-0.28870108662755289,false
1285,-0.28870108662755289,false
1286,-0.28870108662755289,false
1287,-0.28870108662755289,false
1288,-0.28870108662755289,false
1289,-0.28870108662755289,false
1290,-0.28870108662755289,false
1291,-0.28870108662755289,false
1292,-0.28870108662755289,false
1293,-0.28870108662755289,false
1294,-0.28870108662755289,false
1295,-0.28870108662755289,false
1296,-0.28870108662755289,false
1297,-0.28870108662755289,false
1298,-0.28870108662755289,false
1299,-0.28870108662755289,false
1300,-0.28870108662755289,false
1301,-0.28870108662755289,false
1302,-0.28870108662755289,false
1303,-0.28870108662755289,false
1304,-0.28870108662755289,false
1305,-0.28870108662755289,false
1306,-0.28870108662755289,false
1307,-0.28870108662755289,false
1308,-0.28870108662755289,false
1309,-0.28870108662755289,false
1310,-0.28870108662755289,false
1311,-0.28870108662755289,false
1312,-0.28870108662755289,false
1313,-0.28870108662755289,false
1314,-0.28870108662755289,false
1315,-0.28870108662755289,false
1316,-0.28870108662755289,false
1317,-0.28870108662755289,false
1318,-0.28870108662755289,false
1319,-0.28870108662755289,false
1320,-0.28870108662755289,false
1321,-0.28870108662755289,false
1322,-0.28870108662755289,false
1323,-0.28870108662755289,false
1324,-0.28870108662755289,false
1325,-0.28870108662755289,false
1326,-0.28870108662755289,false
1327,-0.28870108662755289,false
1328,-0.28870108662755289,false
1329,-0.28870108662755289,false
1330,-0.28870108662755289,false
1331,-0.28870108662755289,false
1332,-0.28870108662755289,false
1333,-0.28870108662755289,false
1334,-0.28870108662755289,false
1335,-0.28870108662755289,false
1336,-0.28870108662755289,false
1337,-0.28870108662755289,false
1338,-0.28870108662755289,false
1339,-0.28870108662755289,false
1340,-0.28870108662755289,false
1341,-0.28870108662755289,false
1342,-0.28870108662755289,false
1343,-0.28870108662755289,false
1344,-0.28870108662755289,false
1345,-0.28870108662755289,false
1346,-0.28870108662755289,false
1347,-0.28870108662755289,false
1348,-0.28870108662755289,false
1349,-0.28870108662755289,false
1350,-0.28870108662755289,false
1351,-0.28870108662755289,false
1352,-0.28870108662755289,false
1353,-0.28870108662755289,false
1354,-0.28870108662755289,false
1355,-0.28870108662755289,false
1356,-0.28870108662755289,false
1357,-0.28870108662755289,false
1358,-0.28870108662755289,false
1359,-0.28870108662755289,false
1360,-0.28870108662755289,false
1361,-0.28870108662755289,false
1362,-0.28870108662755289,false
1363,-0.28870108662755289,false
1364,-0.28870108662755289,false
1365,-0.28870108662755289,false
1366,-0.28870108662755289,false
1367,-0.28870108662755289,false
1368,-0.28870108662755289,false
1369,-0.28870108662755289,false
1370,-0.28870108662755289,false
1371,-0.28870108662755289,false
1372,-0.28870108662755289,false
1373,-0.28870108662755289,false
1374,-0.28870108662755289,false
1375,-0.28870108662755289,false
1376,-0.28870108662755289,false
1377,-0.28870108662755289,false
1378,-0.28870108662755289,false
1379,-0.28870108662755289,false
1380,-0.28870108662755289,false
1381,-0.28870108662755289,false
1382,-0.28870108662755289,false
1383,-0.28870108662755289,false
1384,-0.28870108662755289,false
1385,-0.28870108662755289,false
1386,-0.28870108662755289,false
1387,-0.28870108662755289,false
1388,-0.28870108662755289,false
1389,-0.28870108662755289,false
1390,-0.28870108662755289,false
1391,-0.28870108662755289,false
1392,-0.28870108662755289,false
1393,-0.28870108662755289,false
1394,-0.28870108662755289,false
1395,-0.28870108662755289,false
1396,-0.28870108662755289,false
1397,-0.28870108662755289,false
1398,-0.28870108662755289,false
1399,-0.28870108662755289,false
1400,-0.28870108662755289,false
1401,-0.28870108662755289,false
1402,-0.28870108662755289,false
1403,-0.28870108662755289,false
1404,-0.28870108662755289,false
1405,-0.28870108662755289,false
1406,-0.28870108662755289,false
1407,-0.28870108662755289,false
1408,-0.28870108662755289,false
1409,-0.28870108662755289,false
1410,-0.28870108662755289,false
1411,-0.28870108662755289,false
1412,-0.28870108662755289,false
1413,-0.28870108662755289,false
1414,-0.28870108662755289,false
1415,-0.28870108662755289,false
1416,-0.28870108662755289,false
1417,-0.28870108662755289,false
1418,-0.28870108662755289,false
1419,-0.28870108662755289,false
1420,-0.28870108662755289,false
1421,-0.28870108662755289,false
1422,-0.28870108662755289,false
1423,-0.28870108662755289,false
1424,-0.28870108662755289,false
1425,-0.28870108662755289,false
1426,-0.28870108662755289,false
1427,-0.28870108662755289,false
1428,-0.28870108662755289,false
1429,-0.28870108662755289,false
1430,-0.28870108662755289,false
1431,-0.28870108662755289,false
1432,-0.28870108662755289,false
1433,-0.28870108662755289,false
1434,-0.28870108662755289,false
1435,-0.28870108662755289,false
1436,-0.28870108662755289,false
1437,-0.28870108662755289,false
1438,-0.28870108662755289,false
1439,-0.28870108662755289,false
1440,-0.28870108662755289,false
1441,-0.28870108662755289,false
1442,-0.28870108662755289,false
1443,-0.28870108662755289,false
1444,-0.28870108662755289,false
1445,-0.28870108662755289,false
1446,-0.28870108662755289,false
1447,-0.28870108662755289,false
1448,-0.28870108662755289,false
1449,-0.28870108662755289,false
1450,-0.28870108662755289,false
1451,-0.28870108662755289,false
1452,-0.28870108662755289,false
1453,-0.28870108662755289,false
1454,-0.28870108662755289,false
1455,-0.28870108662755289,false
1456,-0.28870108662755289,false
1457,-0.28870108662755289,false
1458,-0.28870108662755289,false
1459,-0.28870108662755289,false
1460,-0.28870108662755289,false
1461,-0.28870108662755289,false
1462,-0.28870108662755289,false
1463,-0.28870108662755289,false
1464,-0.28870108662755289,false
1465,-0.28870108662755289,false
1466,-0.28870108662755289,false
1467,-0.28870108662755289,false
1468,-0.28870108662755289,false
1469,-0.28870108662755289,false
1470,-0.28870108662755289,false
1471,-0.28870108662755289,false
1472,-0.28870108662755289,false
1473,-0.28870108662755289,false
1474,-0.28870108662755289,false
1475,-0.28870108662755289,false
1476,-0.28870108662755289,false
1477,-0.28870108662755289,false
1478,-0.28870108662755289,false
1479,-0.28870108662755289,false
1480,-0.28870108662755289,false
1481,-0.28870108662755289,false
1482,-0.28870108662755289,false
1483,-0.28870108662755289,false
1484,-0.28870108662755289,false
1485,-0.28870108662755289,false
1486,-0.28870108662755289,false
1487,-0.28870108662755289,false
1488,-0.28870108662755289,false
1489,-0.28870108662755289,false
1490,-0.28870108662755289,false
1491,-0.28870108662755289,false
1492,-0.28870108662755289,false
1493,-0.28870108662755289,false
1494,-0.28870108662755289,false
1495,-0.28870108662755289,false
1496,-0.28870108662755289,false
1497,-0.28870108662755289,false
1498,-0.28870108662755289,false
1499,-0.28870108662755289,false
1500,-0.28870108662755289,false
1501,-0.28870108662755289,false
1502,-0.28870108662755289,false
1503,-0.28870108662755289,false
1504,-0.28870108662755289,false
1505,-0.28870108662755289,false
1506,-0.28870108662755289,false
1507,-0.28870108662755289,false
1508,-0.28870108662755289,false
1509,-0.28870108662755289,false
1510,-0.28870108662755289,false
1511,-0.28870108662755289,false
1512,-0.28870108662755289,false
1513,-0.28870108662755289,false
1514,-0.28870108662755289,false
1515,-0.28870108662755289,false
1516,-0.28870108662755289,false
1517,-0.28870108662755289,false
1518,-0.28870108662755289,false
1519,-0.28870108662755289,false
1520,-0.28870108662755289,false
1521,-0.28870108662755289,false
1522,-0.28870108662755289,false
1523,-0.28870108662755289,false
1524,-0.28870108662755289,false
1525,-0.28870108662755289,false
1526,-0.28870108662755289,false
1527,-0.28870108662755289,false
1528,-0.28870108662755289,false
1529,-0.28870108662755289,false
1530,-0.28870108662755289,false
1531,-0.28870108662755289,false
1532,-0.28870108662755289,false
1533,-0.28870108662755289,false
1534,-0.28870108662755289,false
1535,-0.28870108662755289,false
1536,-0.28870108662755289,false
1537,-0.28870108662755289,false
1538,-0.28870108662755289,false
1539,-0.28870108662755289,false
1540,-0.28870108662755289,false
1541,-0.28870108662755289,false
1542,-0.28870108662755289,false
1543,-0.28870108662755289,false
1544,-0.28870108662755289,false
1545,-0.28870108662755289,false
1546,-0.28870108662755289,false
1547,-0.28870108662755289,false
1548,-0.28870108662755289,false
1549,-0.28870108662755289,false
1550,-0.28870108662755289,false
1551,-0.28870108662755289,false
1552,-0.28870108662755289,false
1553,-0.28870108662755289,false
1554,-0.28870108662755289,false
1555,-0.28870108662755289,false
1556,-0.28870108662755289,false
1557,-0.28870108662755289,false
1558,-0.28870108662755289,false
1559,-0.28870108662755289,false
1560,-0.28870108662755289,false
1561,-0.28870108662755289,false
1562,-0.28870108662755289,false
1563,-0.28870108662755289,false
1564,-0.28870108662755289,false
1565,-0.28870108662755289,false
1566,-0.28870108662755289,false
1567,-0.28870108662755289,false
1568,-0.28870108662755289,false
1569,-0.28870108662755289,false
1570,-0.28870108662755289,false
1571,-0.28870108662755289,false
1572,-0.28870108662755289,false
1573,-0.28870108662755289,false
1574,-0.28870108662755289,false
1575,-0.28870108662755289,false
1576,-0.28870108662755289,false
1577,-0.28870108662755289,false
1578,-0.28870108662755289,false
1579,-0.28870108662755289,false
1580,-0.28870108662755289,false
1581,-0.28870108662755289,false
1582,-0.28870108662755289,false
1583,-0.28870108662755289,false
1584,-0.28870108662755289,false
1585,-0.28870108662755289,false
1586,-0.28870108662755289,false
1587,-0.28870108662755289,false
1588,-0.28870108662755289,false
1589,-0.28870108662755289,false
1590,-0.28870108662755289,false
1591,-0.28870108662755289,false
1592,-0.28870108662755289,false
1593,-0.28870108662755289,false
1594,-0.28870108662755289,false
1595,-0.28870108662755289,false
1596,-0.28870108662755289,false
1597,-0.28870108662755289,false
1598,-0.28870108662755289,false
1599,-0.28870108662755289,false
1600,-0.28870108662755289,false
1601,-0.28870108662755289,false
1602,-0.28870108662755289,false
1603,-0.28870108662755289,false
1604,-0.28870108662755289,false
1605,-0.28870108662755289,false
1606,-0.28870108662755289,false
1607,-0.28870108662755289,false
1608,-0.28870108662755289,false
1609,-0.28870108662755289,false
1610,-0.28870108662755289,false
1611,-0.28870108662755289,false
1612,-0.28870108662755289,false
1613,-0.28870108662755289,false
1614,-0.28870108662755289,false
1615,-0.28870108662755289,false
1616,-0.28870108662755289,false
1617,-0.28870108662755289,false
1618,-0.28870108662755289,false
1619,-0.28870108662755289,false
1620,-0.28870108662755289,false
1621,-0.28870108662755289,false
1622,-0.28870108662755289,false
1623,-0.28870108662755289,false
1624,-0.28870108662755289,false
1625,-0.28870108662755289,false
1626,-0.28870108662755289,false
1627,-0.28870108662755289,false
1628,-0.28870108662755289,false
1629,-0.28870108662755289,false
1630,-0.28870108662755289,false
1631,-0.28870108662755289,false
1632,-0.28870108662755289,false
1633,-0.28870108662755289,false
1634,-0.28870108662755289,false
1635,-0.28870108662755289,false
1636,-0.28870108662755289,false
1637,-0.28870108662755289,false
1638,-0.28870108662755289,false
1639,-0.28870108662755289,false
1640,-0.28870108662755289,false
1641,-0.28870108662755289,false
1642,-0.28870108662755289,false
1643,-0.28870108662755289,false
1644,-0.28870108662755289,false
1645,-0.28870108662755289,false
1646,-0.28870108662755289,false
1647,-0.28870108662755289,false
1648,-0.28870108662755289,false
1649,-0.28870108662755289,false
1650,-0.28870108662755289,false
1651,-0.28870108662755289,false
1652,-0.28870108662755289,false
1653,-0.28870108662755289,false
1654,-0.28870108662755289,false
1655,-0.28870108662755289,false
1656,-0.28870108662755289,false
1657,-0.28870108662755289,false
1658,-0.28870108662755289,false
1659,-0.28870108662755289,false
1660,-0.28870108662755289,false
1661,-0.28870108662755289,false
1662,-0.28870108662755289,false
1663,-0.28870108662755289,false
1664,-0.28870108662755289,false
1665,-0.28870108662755289,false
1666,-0.28870108662755289,false
1667,-0.28870108662755289,false
1668,-0.28870108662755289,false
1669,-0.28870108662755289,false
1670,-0.28870108662755289,false
1671,-0.28870108662755289,false
1672,-0.28870108662755289,false
1673,-0.28870108662755289,false
1674,-0.28870108662755289,false
1675,-0.28870108662755289,false
1676,-0.28870108662755289,false
1677,-0.28870108662755289,false
1678,-0.28870108662755289,false
1679,-0.28870108662755289,false
1680,-0.28870108662755289,false
1681,-0.28870108662755289,false
1682,-0.28870108662755289,false
1683,-0.28870108662755289,false
1684,-0.28870108662755289,false
1685,-0.28870108662755289,false
1686,-0.28870108662755289,false
1687,-0.28870108662755289,false
1688,-0.28870108662755289,false
1689,-0.28870108662755289,false
1690,-0.28870108662755289,false
1691,-0.28870108662755289,false
1692,-0.28870108662755289,false
1693,-0.28870108662755289,false
1694,-0.28870108662755289,false
1695,-0.28870108662755289,false
1696,-0.28870108662755289,false
1697,-0.28870108662755289,false
1698,-0.28870108662755289,false
1699,-0.28870108662755289,false
1700,-0.28870108662755289,false
1701,-0.28870108662755289,false
1702,-0.28870108662755289,false
1703,-0.28870108662755289,false
1704,-0.28870108662755289,false
1705,-0.28870108662755289,false
1706,-0.28870108662755289,false
1707,-0.28870108662755289,false
1708,-0.28870108662755289,false
1709,-0.28870108662755289,false
1710,-0.28870108662755289,false
1711,-0.28870108662755289,false
1712,-0.28870108662755289,false
1713,-0.28870108662755289,false
1714,-0.28870108662755289,false
1715,-0.28870108662755289,false
1716,-0.28870108662755289,false
1717,-0.28870108662755289,false
1718,-0.28870108662755289,false
1719,-0.28870108662755289,false
1720,-0.28870108662755289,false
1721,-0.28870108662755289,false
1722,-0.28870108662755289,false
1723,-0.28870108662755289,false
1724,-0.28870108662755289,false
1725,-0.28870108662755289,false
1726,-0.28870108662755289,false
1727,-0.28870108662755289,false
1728,-0.28870108662755289,false
1729,-0.28870108662755289,false
1730,-0.28870108662755289,false
1731,-0.28870108662755289,false
1732,-0.28870108662755289,false
1733,-0.28870108662755289,false
1734,-0.28870108662755289,false
1735,-0.28870108662755289,false
1736,-0.28870108662755289,false
1737,-0.28870108662755289,false
1738,-0.28870108662755289,false
1739,-0.28870108662755289,false
1740,-0.28870108662755289,false
1741,-0.28870108662755289,false
1742,-0.28870108662755289,false
1743,-0.28870108662755289,false
1744,-0.28870108662755289,false
1745,-0.28870108662755289,false
1746,-0.28870108662755289,false
1747,-0.28870108662755289,false
1748,-0.28870108662755289,false
1749,-0.28870108662755289,false
1750,-0.28870108662755289,false
1751,-0.28870108662755289,false
1752,-0.28870108662755289,false
1753,-0.28870108662755289,false
1754,-0.28870108662755289,false
1755,-0.28870108662755289,false
1756,-0.28870108662755289,false
1757,-0.28870108662755289,false
1758,-0.28870108662755289,false
1759,-0.28870108662755289,false
1760,-0.28870108662755289,false
1761,-0.28870108662755289,false
1762,-0.28870108662755289,false
1763,-0.28870108662755289,false
1764,-0.28870108662755289,false
1765,-0.28870108662755289,false
1766,-0.28870108662755289,false
1767,-0.28870108662755289,false
1768,-0.28870108662755289,false
1769,-0.28870108662755289,false
1770,-0.28870108662755289,false
1771,-0.28870108662755289,false
1772,-0.28870108662755289,false
1773,-0.28870108662755289,false
1774,-0.28870108662755289,false
1775,-0.28870108662755289,false
1776,-0.28870108662755289,false
1777,-0.28870108662755289,false
1778,-0.28870108662755289,false
1779,-0.28870108662755289,false
1780,-0.28870108662755289,false
1781,-0.28870108662755289,false
1782,-0.28870108662755289,false
1783,-0.28870108662755289,false
1784,-0.28870108662755289,false
1785,-0.28870108662755289,false
1786,-0.28870108662755289,false
1787,-0.28870108662755289,false
1788,-0.28870108662755289,false
1789,-0.28870108662755289,false
1790,-0.28870108662755289,false
1791,-0.28870108662755289,false
1792,-0.28870108662755289,false
1793,-0.28870108662755289,false
1794,-0.28870108662755289,false
1795,-0.28870108662755289,false
1796,-0.28870108662755289,false
1797,-0.28870108662755289,false
1798,-0.28870108662755289,false
1799,-0.28870108662755289,false
1800,-0.28870108662755289,false
1801,-0.28870108662755289,false
1802,-0.28870108662755289,false
1803,-0.28870108662755289,false
1804,-0.28870108662755289,false
1805,-0.28870108662755289,false
1806,-0.28870108662755289,false
1807,-0.28870108662755289,false
1808,-0.28870108662755289,false
1809,-0.28870108662755289,false
1810,-0.28870108662755289,false
1811,-0.28870108662755289,false
1812,-0.28870108662755289,false
1813,-0.28870108662755289,false
1814,-0.28870108662755289,false
1815,-0.28870108662755289,false
1816,-0.28870108662755289,false
1817,-0.28870108662755289,false
1818,-0.28870108662755289,false
1819,-0.28870108662755289,false
1820,-0.28870108662755289,false
1821,-0.28870108662755289,false
1822,-0.28870108662755289,false
1823,-0.28870108662755289,false
1824,-0.28870108662755289,false
1825,-0.28870108662755289,false
1826,-0.28870108662755289,false
1827,-0.28870108662755289,false
1828,-0.28870108662755289,false
1829,-0.28870108662755289,false
1830,-0.28870108662755289,false
1831,-0.28870108662755289,false
1832,-0.28870108662755289,false
1833,-0.28870108662755289,false
1834,-0.28870108662755289,false
1835,-0.28870108662755289,false
1836,-0.28870108662755289,false
1837,-0.28870108662755289,false
1838,-0.28870108662755289,false
1839,-0.28870108662755289,false
1840,-0.28870108662755289,false
1841,-0.28870108662755289,false
1842,-0.28870108662755289,false
1843,-0.28870108662755289,false
1844,-0.28870108662755289,false
1845,-0.28870108662755289,false
1846,-0.28870108662755289,false
1847,-0.28870108662755289,false
1848,-0.28870108662755289,false
1849,-0.28870108662755289,false
1850,-0.28870108662755289,false
1851,-0.28870108662755289,false
1852,-0.28870108662755289,false
1853,-0.28870108662755289,false
1854,-0.28870108662755289,false
1855,-0.28870108662755289,false
1856,-0.28870108662755289,false
1857,-0.28870108662755289,false
1858,-0.28870108662755289,false
1859,-0.28870108662755289,false
1860,-0.28870108662755289,false
1861,-0.28870108662755289,false
1862,-0.28870108662755289,false
1863,-0.28870108662755289,false
1864,-0.28870108662755289,false
1865,-0.28870108662755289,false
1866,-0.28870108662755289,false
1867,-0.28870108662755289,false
1868,-0.28870108662755289,false
1869,-0.28870108662755289,false
1870,-0.28870108662755289,false
1871,-0.28870108662755289,false
1872,-0.28870108662755289,false
1873,-0.28870108662755289,false
1874,-0.28870108662755289,false
1875,-0.28870108662755289,false
1876,-0.28870108662755289,false
1877,-0.28870108662755289,false
1878,-0.28870108662755289,false
1879,-0.28870108662755289,false
1880,-0.28870108662755289,false
1881,-0.28870108662755289,false
1882,-0.28870108662755289,false
1883,-0.28870108662755289,false
1884,-0.28870108662755289,false
1885,-0.28870108662755289,false
1886,-0.28870108662755289,false
1887,-0.28870108662755289,false
1888,-0.28870108662755289,false
1889,-0.28870108662755289,false
1890,-0.28870108662755289,false
1891,-0.28870108662755289,false
1892,-0.28870108662755289,false
1893,-0.28870108662755289,false
1894,-0.28870108662755289,false
1895,-0.28870108662755289,false
1896,-0.28870108662755289,false
1897,-0.28870108662755289,false
1898,-0.28870108662755289,false
1899,-0.28870108662755289,false
1900,-0.28870108662755289,false
1901,-0.28870108662755289,false
1902,-0.28870108662755289,false
1903,-0.28870108662755289,false
1904,-0.28870108662755289,false
1905,-0.28870108662755289,false
1906,-0.28870108662755289,false
1907,-0.28870108662755289,false
1908,-0.28870108662755289,false
1909,-0.28870108662755289,false
1910,-0.28870108662755289,false
1911,-0.28870108662755289,false
1912,-0.28870108662755289,false
1913,-0.28870108662755289,false
1914,-0.28870108662755289,false
1915,-0.28870108662755289,false
1916,-0.28870108662755289,false
1917,-0.28870108662755289,false
1918,-0.28870108662755289,false
1919,-0.28870108662755289,false
1920,-0.28870108662755289,false
1921,-0.28870108662755289,false
1922,-0.28870108662755289,false
1923,-0.28870108662755289,false
1924,-0.28870108662755289,false
1925,-0.28870108662755289,false
1926,-0.28870108662755289,false
1927,-0.28870108662755289,false
1928,-0.28870108662755289,false
1929,-0.28870108662755289,false
1930,-0.28870108662755289,false
1931,-0.28870108662755289,false
1932,-0.28870108662755289,false
1933,-0.28870108662755289,false
1934,-0.28870108662755289,false
1935,-0.28870108662755289,false
1936,-0.28870108662755289,false
1937,-0.28870108662755289,false
1938,-0.28870108662755289,false
1939,-0.28870108662755289,false
1940,-0.28870108662755289,false
1941,-0.28870108662755289,false
1942,-0.28870108662755289,false
1943,-0.28870108662755289,false
1944,-0.28870108662755289,false
1945,-0.28870108662755289,false
1946,-0.28870108662755289,false
1947,-0.28870108662755289,false
1948,-0.28870108662755289,false
1949,-0.28870108662755289,false
1950,-0.28870108662755289,false
1951,-0.28870108662755289,false
1952,-0.28870108662755289,false
1953,-0.28870108662755289,false
1954,-0.28870108662755289,false
1955,-0.28870108662755289,false
1956,-0.28870108662755289,false
1957,-0.28870108662755289,false
1958,-0.28870108662755289,false
1959,-0.28870108662755289,false
1960,-0.28870108662755289,false
1961,-0.28870108662755289,false
1962,-0.28870108662755289,false
1963,-0.28870108662755289,false
1964,-0.28870108662755289,false
1965,-0.28870108662755289,false
1966,-0.28870108662755289,false
1967,-0.28870108662755289,false
1968,-0.28870108662755289,false
1969,-0.28870108662755289,false
1970,-0.28870108662755289,false
1971,-0.28870108662755289,false
1972,-0.28870108662755289,false
1973,-0.28870108662755289,false
1974,-0.28870108662755289,false
1975,-0.28870108662755289,false
1976,-0.28870108662755289,false
1977,-0.28870108662755289,false
1978,-0.28870108662755289,false
1979,-0.28870108662755289,false
1980,-0.28870108662755289,false
1981,-0.28870108662755289,false
1982,-0.28870108662755289,false
1983,-0.28870108662755289,false
1984,-0.28870108662755289,false
1985,-0.28870108662755289,false
1986,-0.28870108662755289,false
1987,-0.28870108662755289,false
1988,-0.28870108662755289,false
1989,-0.28870108662755289,false
1990,-0.28870108662755289,false
1991,-0.28870108662755289,false
1992,-0.28870108662755289,false
1993,-0.28870108662755289,false
1994,-0.28870108662755289,false
1995,-0.28870108662755289,false
1996,-0.28870108662755289,false
1997,-0.28870108662755289,false
1998,-0.28870108662755289,false
1999,-0.28870108662755289,false
2000,-0.28870108662755289,false
2001,-0.28870108662755289,false
2002,-0.28870108662755289,false
2003,-0.28870108662755289,false
2004,-0.28870108662755289,false
2005,-0.28870108662755289,false
2006,-0.28870108662755289,false
2007,-0.28870108662755289,false
2008,-0.28870108662755289,false
2009,-0.28870108662755289,false
2010,-0.28870108662755289,false
2011,-0.28870108662755289,false
2012,-0.28870108662755289,false
2013,-0.28870108662755289,false
2014,-0.28870108662755289,false
2015,-0.28870108662755289,false
2016,-0.28870108662755289,false
2017,-0.28870108662755289,false
2018,-0.28870108662755289,false
2019,-0.28870108662755289,false
2020,-0.28870108662755289,false
2021,-0.28870108662755289,false
2022,-0.28870108662755289,false
2023,-0.28870108662755289,false
2024,-0.28870108662755289,false
2025,-0.28870108662755289,false
2026,-0.28870108662755289,false
2027,-0.28870108662755289,false
2028,-0.28870108662755289,false
2029,-0.28870108662755289,false
2030,-0.28870108662755289,false
2031,-0.28870108662755289,false
2032,-0.28870108662755289,false
2033,-0.28870108662755289,false
2034,-0.28870108662755289,false
2035,-0.28870108662755289,false
2036,-0.28870108662755289,false
2037,-0.28870108662755289,false
2038,-0.28870108662755289,false
2039,-0.28870108662755289,false
2040,-0.28870108662755289,false
2041,-0.28870108662755289,false
2042,-0.28870108662755289,false
2043,-0.28870108662755289,false
2044,-0.28870108662755289,false
2045,-0.28870108662755289,false
2046,-0.28870108662755289,false
2047,-0.28870108662755289,false
2048,-0.28870108662755289,false
2049,-0.28870108662755289,false
2050,-0.28870108662755289,false
2051,-0.28870108662755289,false
2052,-0.28870108662755289,false
2053,-0.28870108662755289,false
2054,-0.28870108662755289,false
2055,-0.28870108662755289,false
2056,-0.28870108662755289,false
2057,-0.28870108662755289,false
2058,-0.28870108662755289,false
2059,-0.28870108662755289,false
2060,-0.28870108662755289,false
2061,-0.28870108662755289,false
2062,-0.28870108662755289,false
2063,-0.28870108662755289,false
2064,-0.28870108662755289,false
2065,-0.28870108662755289,false
2066,-0.28870108662755289,false
2067,-0.28870108662755289,false
2068,-0.28870108662755289,false
2069,-0.28870108662755289,false
2070,-0.28870108662755289,false
2071,-0.28870108662755289,false
2072,-0.28870108662755289,false
2073,-0.28870108662755289,false
2074,-0.28870108662755289,false
2075,-0.28870108662755289,false
2076,-0.28870108662755289,false
2077,-0.28870108662755289,false
2078,-0.28870108662755289,false
2079,-0.28870108662755289,false
2080,-0.28870108662755289,false
2081,-0.28870108662755289,false
2082,-0.28870108662755289,false
2083,-0.28870108662755289,false
2084,-0.28870108662755289,false
2085,-0.28870108662755289,false
2086,-0.28870108662755289,false
2087,-0.28870108662755289,false
2088,-0.28870108662755289,false
2089,-0.28870108662755289,false
2090,-0.28870108662755289,false
2091,-0.28870108662755289,false
2092,-0.28870108662755289,false
2093,-0.28870108662755289,false
2094,-0.28870108662755289,false
2095,-0.28870108662755289,false
2096,-0.28870108662755289,false
2097,-0.28870108662755289,false
2098,-0.28870108662755289,false
2099,-0.28870108662755289,false
2100,-0.28870108662755289,false
2101,-0.28870108662755289,false
2102,-0.28870108662755289,false
2103,-0.28870108662755289,false
2104,-0.28870108662755289,false
2105,-0.28870108662755289,false
2106,-0.28870108662755289,false
2107,-0.28870108662755289,false
2108,-0.28870108662755289,false
2109,-0.28870108662755289,false
2110,-0.28870108662755289,false
2111,-0.28870108662755289,false
2112,-0.28870108662755289,false
2113,-0.28870108662755289,false
2114,-0.28870108662755289,false
2115,-0.28870108662755289,false
2116,-0.28870108662755289,false
2117,-0.28870108662755289,false
2118,-0.28870108662755289,false
2119,-0.28870108662755289,false
2120,-0.28870108662755289,false
